"VA Community Based Outpatient Clinics (CBOCs), FY2013",,,,,,
VISN,Station Number,Official Station Name,Location/City,State,FY13 Unique Patients,FY13 Clinic Encounters
1,402GA,Aroostook County (Caribou),Caribou,ME,"2,855","13,393"
1,402GB,Calais,Calais,ME,"1,023","3,907"
1,402GC,Rumford,Rumford,ME,"1,910","7,342"
1,402GD,Saco,Saco,ME,"4,510","19,087"
1,402GE,Lewiston-Auburn Area,Lewiston,ME,"3,735","12,299"
1,402HB,Bangor,Bangor,ME,"8,831","59,353"
1,402HC,Portland,Portland,ME,"3,670","19,640"
1,405GA,Bennington,Bennington,VT,"1,816","14,680"
1,405GC,Brattleboro,Brattleboro,VT,756,"5,812"
1,405HA,Colchester,Colchester,VT,"4,837","27,473"
1,405HC,VICC - St. Johnsbury - Littleton,Littleton,NH,"2,617","9,358"
1,405HF,Rutland,Rutland,VT,"1,536","5,395"
1,518GA,Lynn/North Shore,Lynn,MA,"1,933","6,598"
1,518GB,Haverhill,Haverhill,MA,"2,580","10,303"
1,518GE,Gloucester,Gloucester,MA,"1,385","4,262"
1,523,VA Boston HCS- Boston Div.,Boston,MA,"49,720","421,328"
1,523BY,Lowell,Lowell,MA,"3,363","26,803"
1,523BZ,Causeway Clinic (Boston),Boston,MA,"4,648","68,281"
1,523GA,Framingham VA Primary Care Unit,Framingham,MA,"1,690","7,883"
1,523GC,Quincy,Quincy,MA,"1,388","3,822"
1,523GD,Plymouth,Plymouth,MA,802,"2,257"
1,608,Manchester,Manchester,NH,"23,128","319,830"
1,608GA,Portsmouth,Portsmouth,NH,"1,866","7,180"
1,608GC,Somersworth,Somersworth,NH,"2,461","7,783"
1,608GD,Conway,Conway,NH,"1,008","4,463"
1,608HA,Tilton,Tilton,NH,"1,714","8,453"
1,631BY,Springfield,Springfield,MA,"6,631","55,448"
1,631GC,Pittsfield,Pittsfield,MA,"1,533","10,141"
1,631GD,Greenfield (Franklin County),Greenfield,MA,"1,684","10,426"
1,631GE,Worcester,Worcester,MA,"7,081","56,532"
1,631GF,Fitchburg,Fitchburg,MA,"2,125","8,799"
1,650GA,New Bedford Primary Care Ctr.,New Bedford,MA,"3,874","18,742"
1,650GB,Hyannis Primary Care Center,Hyannis,MA,"3,757","16,653"
1,650GD,Middletown,Middletown,RI,"2,155","13,061"
1,689A4,Newington Campus,Newington,CT,"28,080","280,835"
1,689GA,Waterbury VA Primary Care Center,Waterbury,CT,"2,586","10,059"
1,689GB,Stamford VA Primary Care Center,Stamford,CT,"1,702","4,932"
1,689GC,Willimantic CBOC (Windham 689GC),Willimantic,CT,"1,912","5,918"
1,689GD,Winsted VA Primary Care,Winsted,CT,"2,020","6,920"
1,689GE,Danbury,Danbury,CT,"1,704","7,872"
1,689HC,New London VA Primary Care Center,New London,CT,"4,425","14,617"
2,528A4,Upstate New York HCS-Batavia,Batavia,NY,"5,920","62,108"
2,528G1,Malone,Malone,NY,722,"2,137"
2,528G2,Elizabethtown (Westport),Westport,NY,855,"3,382"
2,528G3,Bainbridge,Bainbridge,NY,"1,259","4,879"
2,528G4,Elmira,Elmira,NY,"2,848","17,940"
2,528G5,Auburn,Auburn,NY,"1,509","6,275"
2,528G6,Fonda,Fonda,NY,"1,224","3,668"
2,528G7,Catskill,Catskill,NY,"1,118","3,892"
2,528G8,Wellsville,Wellsville,NY,"1,441","8,708"
2,528G9,Cortland,Freeville,NY,"2,165","12,002"
2,528GB,Jamestown,Jamestown,NY,"2,057","11,995"
2,528GC,Dunkirk,Dunkirk,NY,"1,758","9,000"
2,528GD,Niagara Falls,Niagara Falls,NY,"1,805","9,709"
2,528GE,Rochester,Rochester,NY,"13,083","133,004"
2,528GK,Lockport,Lockport,NY,"1,386","5,683"
2,528GL,Massena,Massena,NY,"1,813","9,196"
2,528GM,Rome,Rome,NY,"6,712","59,398"
2,528GN,Binghamton,Binghamton,NY,"4,679","27,747"
2,528GO,Watertown,Watertown,NY,"4,827","23,890"
2,528GP,Oswego,Oswego,NY,"2,051","8,882"
2,528GQ,Lackawanna,Lackawanna,NY,"2,943","13,277"
2,528GR,Olean,Olean,NY,"1,940","11,712"
2,528GT,Glens Falls,Glens Falls,NY,"3,237","8,745"
2,528GV,Plattsburgh,Plattsburgh,NY,"2,017","8,032"
2,528GW,Schenectady,Schenectady,NY,"1,869","4,717"
2,528GX,Troy,Troy,NY,"1,192","4,195"
2,528GY,Clifton Park,Clifton Park,NY,"1,831","8,551"
2,528GZ,Kingston,Kingston,NY,"1,724","6,013"
3,526GA,White Plains,White Plains,NY,"1,623","5,239"
3,526GB,Yonkers,Yonkers,NY,"1,015","4,115"
3,526GD,Queens,Sunnyside,NY,454,"1,381"
3,561BY,Newark,Newark,NJ,107,"8,427"
3,561BZ,Brick,Brick,NJ,"11,584","81,557"
3,561GA,Hamilton,Hamilton,NJ,"2,080","10,123"
3,561GB,Elizabeth,Elizabeth,NJ,"1,317","5,262"
3,561GD,Hackensack/Bergen County,Hackensack,NJ,"6,310","33,066"
3,561GE,Jersey City,Jersey City,NJ,"1,328","5,881"
3,561GF,Piscataway,Piscataway,NJ,"1,885","9,526"
3,561GG,Newark,Newark,NJ,41,83
3,561GH,Morristown,Morristown,NJ,"1,992","6,976"
3,561GI,Tinton Falls,Tinton Falls,NJ,"3,111","13,348"
3,561GJ,Paterson,Paterson,NJ,"1,701","7,014"
3,620GA,New City (Rockland County),New City,NY,"3,039","20,040"
3,620GB,Carmel (Putnam County),Carmel,NY,"1,668","11,414"
3,620GD,Middletown,Middletown,NY,"2,295","15,243"
3,620GE,Port Jervis,Port Jervis,NY,"2,015","13,451"
3,620GF,Harris (Monticello),Monticello,NY,"1,249","6,708"
3,620GG,Poughkeepsie,Poughkeepsie,NY,"1,957","9,960"
3,620GH,Eastern Dutchess (Pine Plains),Pine Plains,NY,534,"2,760"
3,630A5,New York Harbor HCS-St. Albans Campus,Jamaica,NY,"7,229","69,115"
3,630GA,Harlem,New York,NY,"1,230","5,498"
3,630GB,Staten Island,Staten Island,NY,"2,534","15,758"
3,630GC,Chapel St,Brooklyn,NY,"3,748","29,148"
3,632GA,Plainview (formally East Meadow),East Meadow,NY,"6,367","18,645"
3,632HA,Valley Stream (formally Lynbrook),Valley Stream,NY,354,"1,301"
3,632HB,Riverhead,Riverhead,NY,"2,319","10,854"
3,632HC,Islip (formally Bay Shore),Bay Shore,NY,532,"1,832"
3,632HD,Patchoque,Patchogue,NY,"2,617","8,691"
4,460GA,Sussex County (formerly Millsboro),Georgetown,DE,"2,935","20,436"
4,460GC,Kent County (formerly Dover),Dover,DE,"3,241","21,388"
4,460GD,Cape May County,Cape May,NJ,"2,175","6,011"
4,460HE,Atlantic County (formerly Ventnor),Northfield,NJ,"2,491","13,844"
4,460HG,Cumberland County (formerly Vineland),Vineland,NJ,"2,793","13,876"
4,503GA,Johnstown,Johnstown,PA,"4,906","27,285"
4,503GB,DuBois (Clearfield),DuBois,PA,"4,000","19,747"
4,503GC,State College (Centre County),State College,PA,"4,033","17,455"
4,529GA,Mercer County,Hermitage,PA,"2,567","12,347"
4,529GB,Lawrence County,New Castle,PA,"1,933","6,890"
4,529GC,Armstrong County,Ford City,PA,"1,497","3,457"
4,529GD,Clarion County,Foxburg,PA,"1,078","2,661"
4,529GF,Cranberry Township,Cranberry Township,PA,"1,807","5,748"
4,540GA,Tucker County Veterans Center,Parsons,WV,"1,199","4,818"
4,540GB,Wood County Veterans Center,Parkersburg,WV,"3,502","17,662"
4,540GC,Gassaway-Braxton County (Braxton Community Based Outpatient Clinic),Sutton,WV,"1,695","8,131"
4,540GD,Monongalia,Westover,WV,"2,387","12,440"
4,542GA,Springfield,Springfield,PA,"3,715","15,343"
4,542GE,Spring City,Spring City,PA,"2,946","10,288"
4,562GA,Crawford County Primary Care Clinic,Meadville,PA,"2,749","12,734"
4,562GB,Ashtabula County Primary Care Clinic,Ashtabula,OH,"2,333","13,374"
4,562GC,McKean County Primary Care Clinic,Bradford,PA,"1,232","3,586"
4,562GD,Venango,Franklin,PA,"1,970","12,474"
4,562GE,Warren,Warren,PA,"2,139","8,908"
4,595GA,Camp Hill Outpatient Clinic,Camp Hill,PA,"9,093","50,728"
4,595GC,Lancaster,Lancaster,PA,"4,344","18,473"
4,595GD,Reading,Reading,PA,"3,995","14,371"
4,595GE,York County,York,PA,"6,800","34,364"
4,595GF,Pottsville/Frackville,Pottsville,PA,"2,416","5,769"
4,642GA,Outpatient Clinic at Marshall Hall,Lakehurst,NJ,"5,010","26,530"
4,642GC,Victor J. Saracini VA Outpatient Clinic,Horsham,PA,"10,565","32,221"
4,642GD,Gloucester County,Sewell,NJ,"5,688","27,179"
4,642GE,Philadelphia,Philadelphia,PA,,
4,646A4,Heinz Division HCS,Pittsburgh,PA,"22,847","153,017"
4,646GA,Belmont,St. Clairsville,OH,"5,152","18,718"
4,646GB,Westmoreland,Greensburg,PA,"6,971","27,548"
4,646GC,Beaver,Monaca,PA,"4,848","25,046"
4,646GD,Washington County,Washington,PA,"4,735","18,200"
4,646GE,Fayette County,Uniontown,PA,"2,960","17,644"
4,693B4,Allentown,Allentown,PA,"10,419","84,384"
4,693GA,Sayre,Sayre,PA,"3,129","23,438"
4,693GB,Williamsport,Williamsport,PA,"4,177","16,116"
4,693GC,Tobyhanna,Tobyhanna,PA,629,"1,521"
4,693GF,Berwick (Columbia Co.),Berwick,PA,"1,493","4,229"
4,693GG,Northampton County,Bangor,PA,"1,360","5,156"
5,512GA,Cambridge,Cambridge,MD,"5,352","41,002"
5,512GC,Glen Burnie,Glen Burnie,MD,"6,886","38,626"
5,512GD,Loch Raven,Baltimore,MD,"13,240","62,163"
5,512GE,Pocomoke City,Pocomoke City,MD,"1,896","8,348"
5,512GF,Fort Howard,Fort Howard,MD,"3,204","20,635"
5,512GG,Fort Meade,Fort Meade,MD,"2,436","7,331"
5,613GA,Cumberland,Cumberland,MD,"3,855","22,834"
5,613GB,Hagerstown,Hagerstown,MD,"4,058","19,343"
5,613GC,Stephens City,Kernstown,VA,"4,070","22,287"
5,613GD,Franklin,Franklin,WV,226,"1,299"
5,613GE,Petersburg,Petersburg,WV,982,"5,792"
5,613GF,Harrisonburg,Harrisonburg,VA,"3,029","17,221"
5,613GG,Fort Detrick,Federick,MD,"3,477","17,585"
5,688GA,Alexandria (Fort Belvoir),Fort Belvoir,VA,"5,375","22,472"
5,688GB,Southeast Washington,Washington,DC,653,"2,858"
5,688GC,Landover/Greenbelt (Prince Georges County),Greenbelt,MD,"1,652","6,533"
5,688GD,Charlotte Hall,Charlotte Hall,MD,"2,921","14,558"
5,688GE,Southern Prince George's County (formerly Andrews AFB),Camp Springs,MD,"3,419","12,141"
6,517GB,Greenbrier County,Maxwelton,WV,"1,613","10,593"
6,558GA,Greenville,Greenville,NC,"9,172","45,820"
6,558GB,Raleigh,Raleigh,NC,"11,409","63,152"
6,558GC,Morehead City,Morehead City,NC,"4,244","23,983"
6,565GA,Jacksonville,Midway Park,NC,"5,991","29,760"
6,565GC,New Hanover County ( Wilmington),Wilmington,NC,"8,773","42,286"
6,565GD,Hamlet,Hamlet,NC,"1,960","11,648"
6,565GE,Robeson County (Lumberton),Pembroke,NC,"2,269","17,226"
6,565GF,Goldsboro,Goldsboro,NC,603,990
6,590GB,Norfolk-Virginia Beach,Virginia Beach,VA,"7,071","29,030"
6,590GC,Albemarle,Elizabeth City,NC,"2,009","12,071"
6,637GA,Franklin,Franklin,NC,"3,848","25,073"
6,637GB,Rutherford County (Rutherfordton),Rutherford,NC,"3,641","24,231"
6,652GA,Fredericksburg,Fredericksburg,VA,"5,394","32,009"
6,652GE,Charlottesville,Charlottesville,VA,"2,820","18,854"
6,652GF,Emporia,Emporia,VA,"1,417","8,879"
6,658GA,Tazewell,Tazewell,VA,740,"2,956"
6,658GB,Danville,Danville,VA,"5,263","29,820"
6,658GC,Lynchburg,Lynchburg,VA,"4,122","28,664"
6,658GD,Staunton,Staunton,VA,"1,959","12,406"
6,658GE,Wytheville,Wytheville,VA,"3,102","21,912"
6,658HG,Covington,Covington,VA,23,90
6,659BY,Winston-Salem,Winston-Salem,NC,"23,790","175,402"
6,659GA,Charlotte,Charlotte,NC,"23,857","219,261"
6,659GB,Hickory,Hickory,NC,"8,339","57,986"
7,508GA,East Point,East Point,GA,"8,187","43,615"
7,508GE,NE Georgia/Oakwood,Oakwood,GA,"5,049","23,988"
7,508GF,Austell,Austell,GA,"6,621","35,838"
7,508GG,Stockbridge,Stockbridge,GA,"7,243","42,716"
7,508GH,Lawrenceville (Gwinnett County),Lawrenceville,GA,"8,992","37,021"
7,508GI,Newnan,Newnan,GA,"4,460","20,660"
7,508GJ,Blairsville,Blairsville,GA,"2,716","13,305"
7,508GK,Carrollton,Carrollton,GA,"3,787","21,001"
7,509GA,Athens,Athens,GA,"4,471","22,173"
7,509GB,Aiken,Aiken,SC,"3,138","16,904"
7,521GA,Huntsville AL,Huntsville,AL,"7,261","47,955"
7,521GB,Decatur AL/Madison,Madison,AL,"5,784","27,817"
7,521GC,Florence AL (Shoals Area),Sheffield,AL,"3,482","26,413"
7,521GD,Rainbow City,Gadsden,AL,"3,898","24,964"
7,521GE,Anniston/Oxford AL,Oxford,AL,"4,134","24,712"
7,521GF,Jasper AL,Jasper,AL,"2,028","18,288"
7,521GG,Bessemer,Bessemer,AL,"3,085","29,006"
7,521GH,Childersburg,Childersburg,AL,"1,948","14,241"
7,521GI,Guntersville,Guntersville,AL,"2,238","18,282"
7,534BY,Savannah,Savannah,GA,"12,268","89,776"
7,534GB,Myrtle Beach,Myrtle Beach,SC,"11,161","77,869"
7,534GC,Beaufort,Beaufort,SC,"4,070","22,826"
7,534GD,Goose Creek SC,Goose Creek,SC,"10,636","49,362"
7,534GE,Hinesville,Hinesville,GA,"2,335","12,109"
7,544BZ,Greenville SC,Greenville,SC,"14,957","85,499"
7,544GB,Florence SC,Florence,SC,"6,378","34,958"
7,544GC,Rock Hill,Rock Hill,SC,"7,067","36,863"
7,544GD,Anderson County,Anderson,SC,"4,906","27,026"
7,544GE,Orangeburg County,Orangeburg,SC,"2,649","18,378"
7,544GF,Sumter County,Sumter,SC,"3,961","18,128"
7,544GG,Spartanburg,Spartanburg,SC,"4,945","25,607"
7,557GA,Macon GA,Macon,GA,"6,262","19,333"
7,557GB,Albany GA,Albany,GA,"5,030","22,509"
7,557GC,Baldwin County,Milledgeville,GA,"1,231","4,787"
7,557GE,Brunswick,Brunswick,GA,"3,168","26,265"
7,619GA,Columbus,Columbus,GA,"9,341","41,784"
7,619GB,Dothan,Dothan,AL,"4,887","17,749"
7,619GD,Wiregrass,Ft. Rucker,AL,"5,680","22,018"
7,619GE,Monroe County (Southwest),Monroeville,AL,554,"1,471"
8,516BZ,Ft. Myers (Lee County),Cape Coral,FL,"33,481","337,622"
8,516GA,Sarasota,Sarasota,FL,"12,715","81,924"
8,516GB,St Petersburg,St. Petersburg,FL,"2,511","25,762"
8,516GC,Palm Harbor,Palm Harbor,FL,"7,943","53,360"
8,516GD,Bradenton,Bradenton,FL,"13,109","75,358"
8,516GE,Port Charlotte/Charlotte County,Port Charlotte,FL,"9,059","70,841"
8,516GF,Naples/Collier County,Naples,FL,"6,676","46,486"
8,516GH,Sebring,Sebring,FL,"3,099","28,318"
8,546BZ,Broward County,Sunrise,FL,"21,804","192,496"
8,546GA,Miami,Miami,FL,"2,735","53,558"
8,546GB,Key West,Key West,FL,"2,049","16,259"
8,546GC,Homestead,Homestead,FL,"2,846","18,927"
8,546GD,Pembroke Pines,Hollywood,FL,"3,000","14,331"
8,546GE,Key Largo,Key Largo,FL,977,"3,384"
8,546GF,Hollywood (Southeast Broward County),Hollywood,FL,"3,741","19,829"
8,546GH,Deerfield Beach,Deerfield,FL,"1,989","7,590"
8,548GA,Ft Pierce,Fort Pierce,FL,"5,549","21,182"
8,548GB,Delray Beach,Delray Beach,FL,"8,224","24,158"
8,548GC,Stuart,Stuart,FL,"6,087","23,069"
8,548GD,Boca Raton,Boca Raton,FL,"3,527","13,887"
8,548GE,Vero Beach,Vero Beach,FL,"3,982","17,398"
8,548GF,Okeechobee,Okeechobee,FL,"2,170","12,490"
8,573BY,Jacksonville,Jacksonville,FL,"35,043","324,554"
8,573GA,Valdosta,Valdosta,GA,"4,567","18,808"
8,573GD,Ocala,Ocala,FL,"11,137","48,028"
8,573GE,St. Augustine,St. Augustine,FL,"5,312","30,671"
8,573GF,Tallahassee,Tallahassee,FL,"14,857","146,286"
8,573GG,Lecanto,Lecanto,FL,"7,167","31,888"
8,573GI,The Villages Sumter County FL ,The Villages,FL,"16,301","138,499"
8,573GJ,St. Marys,St. Marys,GA,"2,386","11,900"
8,573GK,Marianna,Marianna,FL,"2,230","12,142"
8,573GL,Palatka,Palatka,FL,"2,324","13,238"
8,672B0,Ponce,Ponce,PR,"11,891","164,020"
8,672BZ,Mayaguez,Mayaguez,PR,"10,088","123,202"
8,672GA,St Croix,St. Croix,VI,905,"4,222"
8,672GB,St Thomas,St. Thomas,VI,841,"3,425"
8,672GC,Arecibo,Arecibo,PR,"4,502","33,714"
8,672GD,Ceiba,Ceiba,PR,"3,832","21,043"
8,672GE,Guayama,Guayama,PR,"1,780","11,612"
8,673BZ,New Port Richey,New Port Richey,FL,"15,662","205,331"
8,673GB,Lakeland,Lakeland,FL,"9,844","67,291"
8,673GC,Brooksville,Brooksville,FL,"6,389","51,782"
8,673GF,Zephyrhills,Zephyrhills,FL,"3,360","20,193"
8,675,Orlando,Orlando,FL,"81,883","340,283"
8,675GA,Viera OPC,Viera,FL,"24,869","352,242"
8,675GB,Daytona Beach,Daytona Beach,FL,"19,485","207,815"
8,675GC,Kissimmee,Kissimmee,FL,"4,584","27,815"
8,675GD,Orange City,Sanford,FL,"4,210","23,818"
8,675GE,Leesburg (Lake County),Leesburg,FL,"4,741","24,597"
8,675GF,Clermont,Clermont,FL,"3,362","14,789"
8,675GG,Lake Baldwin OPC,Orlando,FL,"68,117","647,213"
9,581GA,Prestonsburg,Prestonsburg,KY,"3,280","26,096"
9,581GB,Charleston,Charleston,WV,"6,332","38,003"
9,596,Lexington-Leestown,Lexington,KY,"28,458","235,472"
9,596GA,Somerset,Somerset,KY,"5,164","20,769"
9,596GB,Morehead,Morehead,KY,"2,226","8,244"
9,596GC,Hazard/Perry County,Hazard,KY,"2,068","6,857"
9,596GD,Berea,Berea,KY,"3,925","11,854"
9,603GA,Fort Knox,Fort Knox,KY,"5,126","21,109"
9,603GB,New Albany IN (Southern Indiana),New Albany,IN,"6,853","47,368"
9,603GC,Shively (Louisville-Jefferson County),Louisville,KY,"8,993","45,634"
9,603GD,Dupont,Louisville,KY,"5,687","38,007"
9,603GE,Newburg,Louisville,KY,"8,404","45,211"
9,603GF,Grayson County,Clarkson,KY,"4,027","30,901"
9,603GG,Scott County,Scottsburg,IN,"2,889","20,184"
9,603GH,Carroll County,Carrollton,KY,"2,533","9,488"
9,614GA,Smithville,Smithville,MS,"4,309","18,481"
9,614GB,Jonesboro,Jonesboro,AR,"3,221","15,266"
9,614GC,Byhalia (Marshall County),Byhalia,MS,"1,065","3,500"
9,614GD,Savannah (Hardin County),Savannah,TN,"1,778","7,791"
9,614GE,Covington,Memphis,TN,"5,866","23,406"
9,614GF,Memphis-South Clinic,Memphis,TN,"7,057","34,178"
9,614GG,Jackson TN,Jackson,TN,"6,451","23,312"
9,614GH,Bolivar,Bolivar,TN,526,818
9,614GI,Dyersburg,Dyersburg,TN,"1,792","8,670"
9,614GN,Helena,Helena,AR,905,"4,639"
9,621BY,Knoxville,Knoxville,TN,"16,307","124,316"
9,621GA,Rogersville,Rogersville,TN,"1,208","5,548"
9,621GC,Norton,Norton,VA,"2,291","19,616"
9,621GG,Morristown,Morristown,TN,"2,206","11,270"
9,621GI,Pigeon Forge Clinic (Sevierville),Sevierville,TN,"2,185","9,857"
9,621GJ,Bristol,Bristol,VA,"3,705","15,921"
9,626GA,Dover,Dover,TN,796,"2,423"
9,626GC,Bowling Green,Bowling Green,KY,"2,927","11,225"
9,626GE,Clarksville,Clarksville,TN,"7,148","38,353"
9,626GF,Chattanooga,Chattanooga,TN,"15,012","137,477"
9,626GG,Tullahoma,Arnold AFB,TN,"1,849","8,116"
9,626GH,Cookeville,Cookeville,TN,"5,320","22,854"
9,626GJ,Hopkinsville (Christian County),Hopkinsville,KY,"2,667","14,031"
9,626GK,McMinnville,McMinnville,TN,"1,687","11,585"
9,626GL,Roane County,Rockwood,TN,35,37
9,626GM,Maury County,Columbia,TN,"2,378","8,301"
10,538GA,Athens,Athens,OH,"2,310","19,628"
10,538GB,Portsmouth,Portsmouth,OH,"2,718","20,863"
10,538GC,Marietta,Marietta,OH,"1,665","10,320"
10,538GD,Lancaster,Lancaster,OH,"2,979","22,597"
10,538GE,Cambridge,Cambridge,OH,"1,558","10,706"
10,539GA,Bellevue,Bellevue,KY,"5,112","34,437"
10,539GB,Cincinnati (Clermont County),Cincinnati,OH,"6,194","46,363"
10,539GC,Lawrenceburg (Dearborn County),Greendale,IN,"3,627","24,571"
10,539GD,Florence,Florence,KY,"4,619","31,750"
10,539GE,Hamilton,Hamilton,OH,"3,784","25,934"
10,539GF,Georgetown,Georgetown,OH,"1,098","5,770"
10,541BY,Canton,Canton,OH,"23,877","105,593"
10,541BZ,Youngstown,Youngstown,OH,"10,164","87,307"
10,541GB,Lorain,Lorain,OH,"11,193","58,251"
10,541GC,Sandusky,Sandusky,OH,"5,087","25,811"
10,541GD,Mansfield,Mansfield,OH,"7,013","64,453"
10,541GE,McCafferty,Cleveland,OH,"2,367","10,897"
10,541GF,Painesville,Painesville,OH,"6,748","43,394"
10,541GG,Akron,Akron,OH,"14,253","133,189"
10,541GH,East Liverpool,Calcutta,OH,"2,921","23,670"
10,541GI,Warren,Warren,OH,"3,948","29,126"
10,541GJ,New Philadelphia,New Philadelphia,OH,"3,480","25,038"
10,541GK,Ravenna,Ravenna,OH,"3,409","21,808"
10,541GL,Parma,Parma,OH,"24,027","152,245"
10,552GA,Middletown,Middletown,OH,"3,352","28,550"
10,552GB,Lima,Lima,OH,"3,892","24,814"
10,552GC,Richmond,Richmond,IN,"3,118","23,684"
10,552GD,Springfield,Springfield,OH,"3,738","33,046"
10,757GA,Zanesville,Zanesville,OH,"3,492","22,424"
10,757GB,Grove City (Franklin County),Grove City,OH,"3,106","13,442"
10,757GC,Marion,Marion,OH,"2,553","14,375"
10,757GD,Newark,Newark,OH,"3,490","19,836"
11,506GA,Toledo,Toledo,OH,"14,522","145,157"
11,506GB,Flint (Genessee County),Flint,MI,"2,681","16,234"
11,506GC,Jackson,Michigan Center,MI,"3,094","16,528"
11,515BY,Grand Rapids,Grand Rapids,MI,"19,437","172,887"
11,515GA,Muskegon,Muskegon,MI,"4,007","25,309"
11,515GB,Lansing,Lansing,MI,"3,878","24,627"
11,515GC,Benton Harbor,Benton Harbor,MI,"2,837","17,187"
11,550BY,Peoria,Peoria,IL,"10,819","97,523"
11,550GA,Decatur,Decatur,IL,"4,446","22,115"
11,550GC,Lafayette,West Lafayette,IN,"2,751","18,929"
11,550GD,Springfield,Springfield,IL,"5,192","33,691"
11,550GF,Charleston (Mattoon),Mattoon,IL,"1,775","11,938"
11,553GA,Yale,Yale,MI,"4,111","20,651"
11,553GB,Pontiac,Pontiac,MI,"3,006","11,781"
11,583GA,Terre Haute,Terre Haute,IN,"4,815","19,636"
11,583GB,Bloomington,Bloomington,IN,"4,879","19,250"
11,583GC,Martinsville,Martinsville,IN,"1,430","6,781"
11,610GA,South Bend,South Bend,IN,"8,930","37,207"
11,610GB,Muncie,Muncie,IN,"4,434","21,084"
11,610GC,Goshen,Goshen,IN,"3,480","15,788"
11,610GD,Peru,Peru,IN,"2,980","13,503"
11,655GA,Gaylord,Gaylord,MI,"3,608","16,977"
11,655GB,Traverse City,Traverse City,MI,"5,100","20,852"
11,655GC,Oscoda,Oscoda,MI,"1,771","7,031"
11,655GD,Alpena County,Alpena,MI,"1,950","10,772"
11,655GE,Clare,Clare,MI,"3,695","15,935"
11,655GF,Bad Axe,Bad Axe,MI,"1,168","5,889"
11,655GG,Cadillac,Cadillac,MI,"2,399","9,791"
11,655GH,Cheboygan,Mackinaw City,MI,"1,534","5,497"
11,655GI,Grayling,Grayling,MI,696,"2,731"
12,537BY,Adams Benjamin Jr. (Crown Point IN),Crown Point,IN,"13,784","123,498"
12,537GA,Chicago Heights,Chicago Heights,IL,"2,473","7,771"
12,537GD,Chicago HCS (Lakeside),Chicago,IL,"4,031","18,792"
12,537HA,Auburn-Gresham (formally Woodlawn (Beverly)),Chicago,IL,"2,592","8,506"
12,556GA,Evanston,Evanston,IL,"1,996","8,241"
12,556GC,McHenry,McHenry,IL,"3,329","16,958"
12,556GD,Kenosha County,Kenosha,WI,"1,877","11,040"
12,578GA,Joliet,Joliet,IL,"5,652","35,641"
12,578GC,Kankakee,Bourbonnais,IL,"2,842","20,616"
12,578GD,Aurora IL,North Aurora,IL,"4,246","25,487"
12,578GE,Elgin,Elgin,IL,"3,749","24,876"
12,578GF,Lasalle,Peru,IL,"3,181","29,383"
12,578GG,Oak Lawn,Oak Lawn,IL,"5,773","33,507"
12,585GA,Hancock,Hancock,MI,"1,793","9,741"
12,585GB,Rhinelander,Rhinelander,WI,"3,486","15,470"
12,585GC,Menominee MI,Menominee,MI,"2,167","12,168"
12,585GD,Ironwood,Ironwood,MI,"1,425","8,365"
12,585HA,Marquette MI,Marquette,MI,"2,588","12,703"
12,585HB,Sault Ste. Marie,Sault Ste Marie,MI,"1,115","5,197"
12,607GC,Janesville,Janesville,WI,"3,183","12,953"
12,607GD,Baraboo,Baraboo,WI,"1,691","6,067"
12,607GE,Beaver Dam,Beaver Dam,WI,"2,279","7,878"
12,607GF,Freeport,Freeport,IL,"1,891","7,311"
12,607HA,Rockford,Rockford,IL,"8,498","49,619"
12,676GA,Wausau,Wausau,WI,"5,402","21,446"
12,676GC,La Crosse,La Crosse,WI,"6,129","28,716"
12,676GD,Wisconsin Rapids,Wisconsin Rapids,WI,"5,647","26,640"
12,676GE,Clark County,Owen,WI,"1,100","2,961"
12,695BY,Appleton,Appleton,WI,"16,367","129,550"
12,695GA,Union Grove WI,Union Grove,WI,"3,433","18,234"
12,695GC,Cleveland,Cleveland,WI,"3,977","14,995"
12,695GD,Milo C. Huempfner VA Outpatient Clinic (Green Bay),Green Bay,WI,"5,275","24,946"
15,589G1,Warrensburg,Warrensburg,MO,"2,283","7,600"
15,589G2,Dodge City,Fort Dodge,KS,"1,315","4,694"
15,589G3,Liberal,Liberal,KS,376,951
15,589G4,Hays,Hays,KS,"2,754","11,329"
15,589G5,Parsons,Parsons,KS,"1,721","8,311"
15,589G7,Hutchinson,Hutchinson,KS,"2,107","12,337"
15,589G8,Jefferson City,Jefferson City,MO,"3,374","20,700"
15,589G9,Fort Riley,Fort Riley,KS,570,897
15,589GB,Belton,Belton,MO,"2,084","7,253"
15,589GC,Louisburg-Paola,Paola,KS,"1,322","5,270"
15,589GD,Nevada,Nevada,MO,"1,923","11,497"
15,589GE,Kirksville,Kirksville,MO,"2,325","8,634"
15,589GF,Ft Leonard Wood MO,Waynesville,MO,"3,561","20,129"
15,589GH,Lake of the Ozarks/Camdenton,Osage Beach,MO,"2,630","13,778"
15,589GI,St. Joseph,St. Joseph,MO,"2,629","10,509"
15,589GJ,Wyandotte County,Kansas City,KS,"1,522","7,026"
15,589GM,Chanute,Chanute,KS,345,951
15,589GN,Emporia,Emporia,KS,244,609
15,589GP,Garnett,Garnett,KS,172,412
15,589GR,Junction City,Junction City,KS,"2,225","6,822"
15,589GT,Seneca,Seneca,KS,115,145
15,589GU,Lawrence,Lawrence,KS,955,"2,823"
15,589GV,Ft. Scott (Bourbon County),Ft. Scott,KS,491,"1,638"
15,589GW,Salina,Salina,KS,"2,708","16,052"
15,589GX,Mexico,Mexico,MO,"1,988","7,681"
15,589GY,St. James,St. James,MO,"1,773","9,505"
15,589GZ,Cameron,Cameron,MO,"1,178","4,719"
15,589JA,Sedalia,Sedalia,MO,"1,367","6,599"
15,589JB,Excelsior Springs,Excelsior Springs,MO,"2,117","10,082"
15,657GA,Belleville,Belleville,IL,"2,813","11,988"
15,657GB,St. Louis CBOC,Florissant,MO,"3,098","10,835"
15,657GD,St. Charles County,O'Fallon,MO,"2,989","13,373"
15,657GF,West Plains,West Plains,MO,"3,012","14,203"
15,657GG,Paragould,Paragould,AR,"2,202","9,442"
15,657GH,Cape Girardeau,Cape Girardeau,MO,"4,966","17,863"
15,657GI,Farmington,Farmington,MO,"2,876","12,098"
15,657GJ,Evansville,Evansville,IN,"13,540","119,497"
15,657GK,Mt. Vernon,Mt. Vernon,IL,"2,502","11,062"
15,657GL,Paducah,Paducah,KY,"4,895","25,316"
15,657GM,Effingham,Effingham,IL,"2,872","12,559"
15,657GN,Salem,Salem,MO,138,276
15,657GO,Hanson (Hopkins County) KY,Hanson,KY,"1,055","3,102"
15,657GP,Owensboro,Owensboro,KY,"2,939","14,716"
15,657GQ,Vincennes,Vincennes,IN,"2,044","6,423"
15,657GR,Mayfield,Mayfield,KY,"2,301","9,249"
15,657GS,Washington,Washington,MO,914,"4,439"
15,657GT,Carbondale,Carbondale,IL,"2,134","5,709"
15,657GU,Harrisburg,Harrisburg,IL,"1,283","4,565"
15,657GV,Sikeston,Sikeston,MO,"2,385","7,643"
16,502GA,Jennings,Jennings,LA,"4,265","18,282"
16,502GB,Lafayette,Lafayette,LA,"7,629","39,005"
16,502GF,Fort Polk,Leesville,LA,"2,472","14,525"
16,502GG,Natchitoches,Natchitoches,LA,"1,236","10,037"
16,520BZ,Joint Ambulatory Care Center,Pensacola,FL,"30,660","263,948"
16,520GA,Mobile,Mobile,AL,"11,645","96,792"
16,520GB,Panama City,Panama City Beach,FL,"5,942","54,058"
16,520GC,Eglin AFB,Eglin AFB,FL,"7,084","55,310"
16,564BY,Gene Taylor,Mt. Vernon,MO,"16,240","166,244"
16,564GA,Harrison,Harrison,AR,"1,858","6,300"
16,564GB,Ft. Smith,Fort Smith,AR,"10,131","99,080"
16,564GC,Branson,Branson,MO,"7,112","51,026"
16,564GD,Ozark,Ozark,AR,"1,067","5,072"
16,564GE,Jay,Jay,OK,"1,913","15,780"
16,580BY,Beaumont,Beaumont,TX,"10,707","109,236"
16,580BZ,Charles Wilson VA OPC,Lufkin,TX,"7,575","74,977"
16,580GC,Galveston County,Galveston,TX,"8,137","46,029"
16,580GD,Conroe,Conroe,TX,"9,240","47,564"
16,580GE,Katy,Katy,TX,"4,123","11,996"
16,580GF,Lake Jackson,Lake Jackson,TX,"2,655","16,099"
16,580GG,Richmond,Richmond,TX,"4,127","21,649"
16,580GH,Tomball,Tomball,TX,,
16,586GA,Durant (Kosciusko),Kosciusko,MS,"1,844","4,392"
16,586GB,Meridian,Meridian,MS,"3,229","10,098"
16,586GC,Greenville,Greenville,MS,"2,344","5,010"
16,586GD,Hattiesburg,Hattiesburg,MS,"5,020","15,596"
16,586GE,Natchez (Adams County),Natchez,MS,"1,463","4,322"
16,586GF,Columbus,Columbus,MS,"1,921","5,892"
16,586GG,McComb,McComb,MS,"2,360","7,541"
16,598GA,Mountain Home,Mountain Home,AR,"3,641","12,906"
16,598GB,Eldorado,Eldorado,AR,"1,846","6,303"
16,598GC,Hot Springs,Hot Springs,AR,"4,984","32,507"
16,598GD,Mena,Mena,AR,"1,667","4,684"
16,598GE,Pine Bluff,Pine Bluff,AR,"2,508","11,756"
16,598GF,Searcy,Searcy,AR,"2,985","21,119"
16,598GG,Conway,Conway,AR,"3,372","25,900"
16,598GH,Russellville,Russellville,AR,"2,270","19,553"
16,623BY,Tulsa,Tulsa,OK,"21,172","213,518"
16,623GA,Hartshorne,Hartshorne,OK,"2,048","11,859"
16,623GB,Vinita,Vinita,OK,"2,419","17,030"
16,629BY,Baton Rouge,Baton Rouge,LA,"12,054","116,724"
16,629GA,Houma,Houma,LA,"4,108","21,171"
16,629GB,Hammond,Hammond,LA,"3,593","22,693"
16,629GC,Slidell,Slidell,LA,"4,029","28,349"
16,629GD,St. Johns,Reserve,LA,"2,061","13,497"
16,629GE,Franklin,Franklin,LA,791,"4,158"
16,629GF,Bogalusa,Bogalusa,LA,"1,091","4,977"
16,635GA,Lawton,Ft. Sill,OK,"9,281","70,585"
16,635GB,Wichita Falls,Wichita Falls,TX,"3,217","14,276"
16,635GC,Blackwell,Blackwell,OK,644,"2,243"
16,635GD,Ada,Ada,OK,"1,288","3,934"
16,635GE,Stillwater,Stillwater,OK,"1,297","5,621"
16,635GF,Altus,Altus,OK,577,"1,856"
16,635GG,Enid,Enid,OK,981,"3,116"
16,635HA,Clinton,Clinton,OK,,
16,635HB,Ardmore,Ardmore,OK,"1,359","4,214"
16,667GA,Texarkana,Texarkana,AR,"4,757","24,851"
16,667GB,Monroe,Monroe,LA,"5,038","20,603"
16,667GC,Longview,Longview,TX,"5,802","23,884"
17,549A4,Bonham VAMC,Bonham,TX,"18,488","199,013"
17,549BY,Fort Worth Satellite,Fort Worth,TX,"39,933","384,355"
17,549GA,Tyler,Tyler,TX,"5,415","31,134"
17,549GB,Dallas County Primary Care Network,Dallas,TX,,
17,549GC,Bonham Area Primary Care Network,Paris,TX,7,17
17,549GD,Denton Area Primary Care Network,Denton,TX,"6,593","19,854"
17,549GE,Decatur Area Primary Care Network,Bridgeport,TX,"1,682","5,182"
17,549GF,Eastland Area Primary Care Network,Granbury,TX,"1,262","2,954"
17,549GH,Greenville Area PCN,Greenville,TX,"1,525","3,846"
17,549GI,Cleburne Area PCN,Waxahachie,TX,,
17,549GJ,Sherman,Sherman,TX,"3,710","16,574"
17,671BY,Frank M. Tejeda Satellite,San Antonio,TX,"25,914","128,419"
17,671GB,Victoria,Victoria,TX,"3,201","22,803"
17,671GC,Del Rio,Del Rio,TX,116,149
17,671GF,South Bexar County,San Antonio,TX,"4,962","22,494"
17,671GH,Beeville,Beeville,TX,376,"1,624"
17,671GJ,Uvalde,Uvalde,TX,49,54
17,671GK,San Antonio Area PCN,San Antonio,TX,"5,791","12,575"
17,671GL,New Braunfels (Comal County),New Braunfels,TX,"1,588","3,253"
17,671GN,Seguin (Guadalupe County),Seguin,TX,554,"1,031"
17,671GO,San Antonio TX,San Antonio,TX,"11,742","42,537"
17,674BY,Austin Satellite,Austin,TX,"25,318","275,831"
17,674GA,Palestine,Palestine,TX,"3,408","22,033"
17,674GB,Brownwood,Brownwood,TX,"2,968","32,262"
17,674GC,College Station (Bryan),College Station,TX,"4,247","32,174"
17,674GD,Cedar Park,Cedar Park,TX,"6,449","38,029"
17,740,Texas Valley Coastal Bend - Harlingen HCS,Harlingen,TX,"18,518","105,987"
17,740GA,Harlingen OPC,Harlingen,TX,"10,134","64,371"
17,740GB,McAllen Satellite,McAllen,TX,"11,175","114,180"
17,740GC,Corpus Christi Satellite,Corpus Christi,TX,"10,334","95,656"
17,740GD,Laredo,Laredo,TX,"2,703","19,582"
17,740GE,Eagle Pass,Eagle Pass,TX,4,6
18,501G2,Las Vegas,Las Vegas,NM,"1,928","12,800"
18,501GA,Artesia,Artesia,NM,"1,997","11,605"
18,501GB,Farmington,Farmington,NM,"2,242","13,869"
18,501GC,Silver City,Silver City,NM,"1,479","10,463"
18,501GD,Gallup NM,Gallup,NM,"1,538","9,425"
18,501GE,Espanola,Espanola,NM,962,"6,114"
18,501GH,Truth or Consequences,Truth or Consequences,NM,712,"4,045"
18,501GI,Alamogordo,Alamogordo,NM,"1,597","6,481"
18,501GJ,Durango,Durango,CO,"1,911","7,953"
18,501GK,Santa Fe,Sante Fe,NM,"2,531","13,860"
18,501GM,Rio Rancho (Northwest Metro CBOC),Rio Rancho,NM,"3,102","15,359"
18,501HB,Raton,Raton,NM,996,"11,660"
18,504BY,Lubbock TX,Lubbock,TX,"9,890","100,335"
18,504BZ,Clovis,Clovis,NM,"1,699","11,148"
18,504GA,Childress,Childress,TX,441,"1,723"
18,504HB,Dalhart (formerly Stratford),Dalhart,TX,,
18,519GA,Odessa,Odessa,TX,"3,702","16,809"
18,519GB,Hobbs,Hobbs,NM,996,"6,502"
18,519GD,Fort Stockton,Fort Stockton,TX,227,554
18,519HC,Abilene,Abilene,TX,"4,839","30,513"
18,519HD,Stamford,Stamford,TX,118,280
18,519HF,San Angelo,San Angelo,TX,"2,569","17,696"
18,644BY,Mesa,Mesa,AZ,"14,143","64,010"
18,644GA,Sun City,Surprise,AZ,"8,519","42,413"
18,644GB,Show Low,Show Low,AZ,"2,290","12,843"
18,644GC,Southwest VA Health Care Clinic (formerly Buckeye),Buckeye,AZ,465,"1,677"
18,644GD,Payson (Gila County),Payson,AZ,675,"1,613"
18,644GE,Thunderbird,Phoenix,AZ,"7,140","22,923"
18,644GF,Globe,Globe,AZ,622,"3,265"
18,649GA,Kingman,Kingman,AZ,"3,285","15,774"
18,649GB,Flagstaff (formerly Bellemont),Flagstaff,AZ,"2,140","7,212"
18,649GC,Lake Havasu,Lake Havasu City,AZ,"2,972","13,100"
18,649GD,Anthem,Anthem,AZ,"1,584","4,922"
18,649GE,Cottonwood (Yavapai County),Cottonwood,AZ,"2,040","9,728"
18,678GA,Sierra Vista,Sierra Vista,AZ,"5,707","37,907"
18,678GB,Yuma,Yuma,AZ,"4,282","24,891"
18,678GC,Casa Grande,Casa Grande,AZ,"4,018","26,555"
18,678GD,Safford,Safford,AZ,930,"3,363"
18,678GE,Green Valley,Green Valley,AZ,"2,029","7,834"
18,678GF,NW Tucson Urban 1,Tucson,AZ,"6,230","37,357"
18,678GG,SE Tucson Urban 2,Tucson,AZ,"4,625","28,310"
18,756GA,Las Cruces,Las Cruces,NM,"3,529","18,942"
18,756GB,East El Paso (El Paso County),El Paso,TX,"4,260","15,057"
19,436GA,Anaconda,Anaconda,MT,"1,398","8,013"
19,436GB,Great Falls,Great Falls,MT,"4,296","22,441"
19,436GC,Missoula,Missoula,MT,"6,659","47,315"
19,436GD,Bozeman,Bozeman,MT,"2,991","11,208"
19,436GF,Kalispell,Kalispell,MT,"4,939","34,068"
19,436GH,Billings,Billings,MT,"29,046","169,797"
19,436GI,Glasgow,Glasgow,MT,455,"2,034"
19,436GJ,Miles City,Miles City,MT,"1,806","9,523"
19,436GK,Glendive Montana,Glendive,MT,840,"3,078"
19,436GL,Cut Bank,Cut Bank,MT,451,"2,609"
19,436GM,Lewistown,Lewistown,MT,597,"3,502"
19,442GB,Sidney,Sidney,NE,568,"4,459"
19,442GC,Fort Collins,Fort Collins,CO,"6,366","30,488"
19,442GD,Greeley,Greeley,CO,"4,733","33,689"
19,554GB,Aurora,Aurora,CO,"7,530","28,629"
19,554GC,Lakewood,Lakewood,CO,"4,834","14,215"
19,554GD,Pueblo,Pueblo,CO,"9,192","86,746"
19,554GE,Colorado Springs,Colorado Springs,CO,"20,415","150,612"
19,554GF,Alamosa,Alamosa,CO,"2,150","9,385"
19,554GG,La Junta,La Junta,CO,964,"5,199"
19,554GH,Lamar,Lamar,CO,376,"1,747"
19,554GI,Burlington,Burlington,CO,451,"2,351"
19,575GA,Montrose,Montrose,CO,"1,823","7,782"
19,660GA,Pocatello,Pocatello,ID,"5,116","30,211"
19,660GB,Ogden,South Ogden,UT,"5,243","28,497"
19,660GC,Ely,Ely,NV,255,"1,069"
19,660GD,Roosevelt,Roosevelt,UT,768,"3,766"
19,660GE,Orem,Orem,UT,"3,376","18,258"
19,660GG,St. George,St. George,UT,"3,047","18,996"
19,660GI,Nephi,Nephi,UT,547,"1,245"
19,660GJ,Western Salt Lake,West Valley City,UT,"7,686","40,213"
19,666GB,Casper,Casper,WY,"2,661","12,634"
19,666GC,Riverton,Riverton,WY,"2,441","10,685"
19,666GD,Powell,Powell,WY,"1,350","4,869"
19,666GE,Gillette,Gillette,WY,"1,100","5,898"
19,666GF,Rock Springs,Rock Springs,WY,"1,565","8,107"
20,463GA,Fairbanks,Fort Wainwright,AK,"2,384","19,459"
20,463GB,Kenai,Kenai,AK,"1,685","13,678"
20,463GC,Mat-Su,Wasilla,AK,"1,757","9,532"
20,531GE,Twin Falls,Twin Falls,ID,"3,104","14,796"
20,531GG,Canyon County,Caldwell,ID,"3,927","19,841"
20,648A4,Vancouver,Vancouver,WA,"20,722","174,484"
20,648GA,Bend,Bend,OR,"7,032","35,960"
20,648GB,Salem,Salem,OR,"9,122","32,093"
20,648GD,North Coast,Warrenton,OR,"1,567","6,986"
20,648GE,East Metro Portland,Portland,OR,"10,009","36,858"
20,648GF,West Metro Portland,Hillsboro,OR,"17,306","56,002"
20,648GG,West Linn,West Linn,OR,"7,475","24,468"
20,653BY,Eugene,Eugene,OR,"10,188","62,745"
20,653GA,North Bend,North Bend,OR,"2,926","14,966"
20,653GB,Brookings,Brookings,OR,"1,556","6,115"
20,663GA,King County,Bellevue,WA,"9,876","32,630"
20,663GB,Bremerton (Kitsap County),Bremerton,WA,"3,380","12,960"
20,663GC,Mount Vernon,Mount Vernon,WA,"7,522","39,372"
20,663GD,South Sound,Chehalis,WA,"3,419","15,366"
20,668GA,NW Central Washington WA,Wenatchee,WA,"3,181","14,389"
20,668GB,North Idaho,Coeur d'Alene,ID,"3,819","20,922"
20,687GA,Richland WA,Richland,WA,"4,325","28,215"
20,687GB,Lewiston,Lewiston,ID,"3,167","22,779"
20,687GC,La Grande,La Grande,OR,"1,690","12,859"
20,687HA,Yakima,Yakima,WA,"3,910","33,447"
20,692,Southern Oregon Rehabilitation Ctr & Clinics,White City,OR,"16,062","271,590"
20,692GA,Klamath Falls,Klamath Falls,OR,"2,557","16,491"
20,692GB,Grants Pass,Grants Pass,OR,"1,699","6,396"
21,459GA,Maui,Kahului,HI,"2,041","14,385"
21,459GB,Hilo,Hilo,HI,"2,392","18,864"
21,459GC,Kailua-Kona,Kailua-Kona,HI,"1,442","9,552"
21,459GD,Lihue,Lihue,HI,"1,442","12,332"
21,459GE,Guam,Agana Heights,GU,"2,405","17,228"
21,459GF,American Samoa,Pago Pago,AS,833,"6,817"
21,459GG,Leeward Oahu,Ewa Beach,HI,"1,904","7,624"
21,570GA,Merced,Merced,CA,"2,726","15,659"
21,570GB,Tulare,Tulare,CA,"4,661","20,050"
21,570GC,Oakhurst,Oakhurst,CA,"1,249","8,057"
21,612B4,Redding,Redding,CA,"15,187","138,093"
21,612BY,Oakland,Oakland,CA,"8,227","118,329"
21,612GD,Fairfield,Travis AFB,CA,"5,137","29,054"
21,612GE,Vallejo/Mare Island,Mare Island,CA,"6,187","22,456"
21,612GF,Martinez,Martinez,CA,"48,831","281,250"
21,612GG,Chico,Chico,CA,"7,148","54,283"
21,612GH,McClellan,McClellan Park,CA,"20,472","119,669"
21,612GI,Yuba City,Yuba City,CA,"2,262","15,439"
21,640BY,San Jose,San Jose,CA,"11,778","87,425"
21,640GA,Palo Alto HCS- Capitola,Capitola,CA,"1,364","3,228"
21,640GB,Sonora (Tuolumne County),Sonora,CA,"3,491","14,754"
21,640GC,Fremont/East Bay (Alameda County),Fremont,CA,"3,219","13,032"
21,640HA,Stockton,French Camp,CA,"7,540","36,659"
21,640HB,Modesto,Modesto,CA,"8,056","40,903"
21,640HC,Monterey,Seaside,CA,"9,678","73,094"
21,654GA,Sierra Foothills,Auburn,CA,"3,714","23,749"
21,654GB,Carson Valley,Minden,NV,"2,423","10,193"
21,654GC,Lahontan Valley,Fallon,NV,"2,265","14,595"
21,654GD,Diamond View,Susanville,CA,949,"5,443"
21,662GA,Santa Rosa,Santa Rosa,CA,"7,977","58,679"
21,662GC,Eureka,Eureka,CA,"4,687","36,933"
21,662GD,Ukiah,Ukiah,CA,"3,058","26,086"
21,662GE,San Bruno,San Bruno,CA,"1,956","14,957"
21,662GF,San Francisco,San Francisco,CA,"2,790","47,894"
21,662GG,Clearlake,Clearlake,CA,"1,841","17,232"
22,593GC,Pahrump,Pahrump,NV,"2,360","14,093"
22,593GD,PCC Northwest,Las Vegas,NV,"13,106","78,517"
22,593GE,PCC Southeast,Henderson,NV,"10,661","58,609"
22,593GF,PCC Southwest,Las Vegas,NV,"9,620","51,912"
22,593GG,PCC Northeast,Las Vegas,NV,"9,422","48,123"
22,600GA,Anaheim,Anaheim,CA,"3,623","20,173"
22,600GB,Santa Ana,Santa Ana,CA,"4,411","22,007"
22,600GC,Cabrillo (Long Beach),Long Beach,CA,847,"6,143"
22,600GD,Santa Fe Springs/Whittier,Santa Fe Springs,CA,"2,708","8,683"
22,600GE,Laguna Hills,Laguna Hills,CA,"4,518","11,846"
22,605GA,Victorville,Victorville,CA,"5,105","21,958"
22,605GB,Murrieta,Murrieta,CA,"7,760","22,233"
22,605GC,Palm Desert,Palm Desert,CA,"8,616","22,038"
22,605GD,Corona (Riverside County) CA,Corona,CA,"4,103","12,328"
22,605GE,Rancho Cucamonga,Rancho Cucamonga,CA,"5,355","18,792"
22,664BY,Mission Valley,San Diego,CA,"36,069","183,785"
22,664GA,Imperial Valley,El Centro,CA,"1,549","6,464"
22,664GB,Oceanside,Oceanside,CA,"16,412","98,253"
22,664GC,Chula Vista,Chula Vista,CA,"7,611","28,504"
22,664GD,Escondido,Escondido,CA,"4,797","17,429"
22,691A4,Sepulveda,Sepulveda,CA,"33,142","354,399"
22,691GB,Santa Barbara,Santa Barbara,CA,"2,729","19,124"
22,691GC,Gardena,Gardena,CA,"2,949","7,959"
22,691GD,Bakersfield,Bakersfield,CA,"6,769","76,353"
22,691GE,Los Angeles,Los Angeles,CA,"14,036","191,753"
22,691GF,East Los Angeles Clinic,Commerce,CA,"2,041","14,331"
22,691GG,Antelope Valley,Lancaster,CA,"4,082","12,834"
22,691GK,San Luis Obispo,San Luis Obispo,CA,"3,761","18,803"
22,691GL,Santa Maria,Santa Maria,CA,"6,113","39,005"
22,691GM,Port Hueneme (Oxnard),Oxnard,CA,"5,684","20,934"
22,691GN,South Central LA,Lynwood,CA,,
22,691GO,Pasadena,San Gabriel,CA,,
23,437GA,Grafton,Grafton,ND,937,"2,579"
23,437GB,Bismarck ND,Bismarck,ND,"3,689","14,152"
23,437GC,Fergus Falls,Fergus Falls,MN,"1,609","6,331"
23,437GD,Minot,Minot,ND,"2,519","10,604"
23,437GE,Bemidji,Bemidji,MN,"2,765","12,410"
23,437GF,Williston,Williston,ND,"1,073","3,608"
23,437GI,Grand Forks,Grand Forks,ND,"3,092","12,438"
23,438GA,Spirit Lake,Spirit Lake,IA,"2,620","14,837"
23,438GC,Sioux City,Sioux City,IA,"4,425","24,841"
23,438GD,Aberdeen (Brown County),Aberdeen,SD,"2,251","13,691"
23,438GE,Wagner,Wagner,SD,605,"3,388"
23,438GF,Watertown,Watertown,SD,"1,978","11,716"
23,568GA,Rapid City SD,Rapid City,SD,"5,991","31,645"
23,568GB,Pierre,Pierre,SD,"1,428","6,821"
23,568HA,Newcastle,Newcastle,WY,92,222
23,568HB,Gordon,Gordon,NE,199,496
23,568HE,Kyle,Kyle,SD,,
23,568HF,Pine Ridge,Pine Ridge,SD,168,988
23,568HH,Scottsbluff,Scottsbluff,NE,"1,452","6,284"
23,568HJ,Mission,Mission,SD,148,314
23,568HK,McLaughlin,McLaughlin,SD,61,602
23,568HM,Eagle Butte SD,Eagle Butte,SD,283,"1,747"
23,568HP,Winner,Winner,SD,542,"2,702"
23,618BY,Twin Ports,Superior,WI,"6,373","44,091"
23,618GA,South Central,St. James,MN,"3,671","16,080"
23,618GB,Hibbing,Hibbing,MN,"3,457","9,827"
23,618GD,Maplewood (St. Paul),Maplewood,MN,"3,867","11,344"
23,618GE,Chippewa Valley,Chippewa Falls,WI,"4,062","15,473"
23,618GG,Rochester,Rochester,MN,"4,129","14,142"
23,618GH,Hayward,Hayward,WI,"3,539","13,767"
23,618GI,Northwest Metro,Ransey,MN,"7,442","34,495"
23,636A4,Grand Island,Grand Island,NE,"13,144","137,506"
23,636A5,Lincoln,Lincoln,NE,"14,931","148,836"
23,636GA,Norfolk NE,Norfolk,NE,"2,686","11,797"
23,636GB,North Platte,North Platte,NE,"2,511","10,759"
23,636GC,Mason City,Mason City,IA,"4,431","28,350"
23,636GD,Marshalltown,Marshalltown,IA,"1,725","8,927"
23,636GF,Bettendorf,Bettendorf,IA,"8,883","50,275"
23,636GG,Quincy,Quincy,IL,"2,759","9,731"
23,636GH,Waterloo,Waterloo,IA,"4,700","18,915"
23,636GI,Galesburg,Galesburg,IL,"3,562","20,559"
23,636GJ,Dubuque,Dubuque,IA,"4,172","15,156"
23,636GK,Fort Dodge,Fort Dodge,IA,"4,373","14,124"
23,636GL,Bellevue,Bellevue,NE,"2,242","8,588"
23,636GM,Carroll,Carroll,IA,"1,316","5,785"
23,636GN,Cedar Rapids,Cedar Rapids,IA,"4,675","21,346"
23,636GP,Shenandoah,Shenandoah,IA,"1,279","7,375"
23,636GQ,Holdrege,Holdrege,NE,"1,705","7,487"
23,636GR,Knoxville,Knoxville,IA,"2,564","24,555"
23,636GS,Ottumwa,Ottumwa,IA,"1,967","10,308"
23,636GT,Sterling,Sterling,IL,"1,959","9,388"
23,636GU,Decorah,Decorah,IA,"1,181","5,213"
23,656GA,Brainerd,Brainerd,MN,"5,892","36,560"
23,656GB,Montevideo,Montevideo,MN,"2,740","15,060"
23,656GC,Max J. Beilke,Alexandria,MN,"2,531","17,831"
