"VA Community Based Outpatient Clinics, FY2014",,,,,,
VISN,Station Number,Official Station Name,Location/City,State,FY14 Unique Patients,FY14 Clinic Encounters
1,402GA,Caribou VA Clinic,Caribou,ME,"3,000","13,001"
1,402GB,Calais VA Clinic,Calais,ME,"1,058","3,961"
1,402GC,Rumford VA Clinic,Rumford,ME,"1,787","7,139"
1,402GD,Saco VA Clinic,Saco,ME,"4,256","18,015"
1,402GE,Lewiston VA Clinic,Lewiston,ME,"4,432","16,799"
1,402HB,Bangor VA Clinic,Bangor,ME,"9,150","59,891"
1,402HC,Portland VA Clinic,Portland,ME,"3,906","22,839"
1,405GA,Bennington VA Clinic,Bennington,VT,"1,775","14,169"
1,405GC,Brattleboro VA Clinic,Brattleboro,VT,896,"7,122"
1,405HA,Burlington Lakeside VA Clinic,Burlington,VT,"5,110","27,703"
1,405HC,Littleton VA Clinic,Littleton,NH,"2,575","8,534"
1,405HE,Keene VA Clinic,Keene,NH,945,"4,483"
1,405HF,Rutland VA Clinic,Rutland,VT,"1,716","7,737"
1,518GA,Lynn VA Clinic,Lynn,MA,"2,162","7,939"
1,518GB,Haverhill VA Clinic,Haverhill,MA,"2,452","8,626"
1,518GE,Gloucester VA Clinic,Gloucester,MA,"1,302","4,325"
1,523,Boston VA-Jamaica Plain,Boston,MA,"48,180","422,847"
1,523BY,Lowell VA Clinic,Lowell,MA,"3,258","25,422"
1,523BZ,Causeway VA Clinic,Boston,MA,"4,417","64,674"
1,523GA,Framingham VA Clinic,Framingham,MA,"1,645","7,741"
1,523GC,Quincy VA Clinic,Quincy,MA,"1,282","3,628"
1,523GD,Plymouth VA Clinic,Plymouth,MA,"1,025","2,681"
1,608,Manchester VA ,Manchester,NH,"23,531","317,565"
1,608GA,Portsmouth VA Clinic,Portsmouth,NH,"1,994","7,133"
1,608GC,Somersworth VA Clinic,Somersworth,NH,"2,578","9,275"
1,608GD,Conway VA Clinic,Conway,NH,"1,003","4,353"
1,608HA,Tilton VA Clinic,Tilton,NH,"1,786","8,474"
1,631BY,Springfield VA Clinic,Springfield,MA,"6,875","58,117"
1,631GC,Pittsfield VA Clinic,Pittsfield,MA,"1,601","10,846"
1,631GD,Greenfield VA Clinic,Greenfield,MA,"1,734","11,016"
1,631GE,Worcester VA Clinic,Worcester,MA,"7,342","56,014"
1,631GF,Fitchburg VA Clinic,Fitchburg,MA,"2,251","10,351"
1,650GA,New Bedford VA Clinic,New Bedford,MA,"2,902","15,588"
1,650GB,Hyannis VA Clinic,Hyannis,MA,"4,006","17,116"
1,650GD,Middletown VA Clinic,Middletown,RI,"2,331","13,539"
1,689A4,Connecticut VA-Newington,Newington,CT,"29,445","286,225"
1,689GA,Waterbury VA Clinic,Waterbury,CT,"2,514","8,719"
1,689GB,Stamford VA Clinic,Stamford,CT,"1,680","4,752"
1,689GC,Willimantic VA Clinic,Willimantic,CT,"1,750","5,243"
1,689GD,Winsted VA Clinic,Winsted,CT,"2,086","6,633"
1,689GE,Danbury VA Clinic,Danbury,CT,"1,736","7,761"
1,689HC,John J. McGuirk VA Clinic,New London,CT,"4,519","14,791"
2,528A4,Western New York VA-Batavia,Batavia,NY,"5,815","62,474"
2,528G1,Malone VA Clinic,Malone,NY,707,"1,831"
2,528G2,Westport VA Clinic,Westport,NY,977,"4,383"
2,528G3,Bainbridge VA Clinic,Bainbridge,NY,"1,318","5,443"
2,528G4,Elmira VA Clinic,Elmira,NY,"2,823","16,690"
2,528G5,Auburn VA Clinic,Auburn,NY,"1,594","7,592"
2,528G6,Fonda VA Clinic,Fonda,NY,"1,238","4,012"
2,528G7,Catskill VA Clinic,Catskill,NY,"1,152","5,394"
2,528G8,Wellsville VA Clinic,Wellsville,NY,"1,451","8,441"
2,528G9,Thompkins County VA Clinic,Freeville,NY,"2,116","10,163"
2,528GB,Jamestown VA Clinic,Jamestown,NY,"2,022","12,602"
2,528GC,Dunkirk VA Clinic,Dunkirk,NY,"1,719","7,993"
2,528GD,Niagara Falls VA Clinic,Niagara Falls,NY,"1,738","10,885"
2,528GE,Rochester VA Clinic,Rochester,NY,"13,348","128,473"
2,528GK,Lockport VA Clinic,Lockport,NY,"1,289","5,750"
2,528GL,Massena VA Clinic,Massena,NY,"1,965","11,196"
2,528GM,Donald J. Mitchell VA Clinic,Rome,NY,"6,809","60,508"
2,528GN,Binghamton VA Clinic,Binghamton,NY,"4,698","29,615"
2,528GO,Watertown VA Clinic,Watertown,NY,"5,154","30,634"
2,528GP,Oswego VA Clinic,Oswego,NY,"2,158","8,733"
2,528GQ,Lackawanna VA Clinic,Lackawanna,NY,"2,964","12,859"
2,528GR,Olean VA Clinic,Olean,NY,"1,892","11,317"
2,528GT,Glens Falls VA Clinic,Glens Falls,NY,"3,225","9,587"
2,528GV,Plattsburgh VA Clinic,Plattsburgh,NY,"2,089","8,895"
2,528GW,Schenectady VA Clinic,Schenectady,NY,"1,875","5,159"
2,528GX,Troy VA Clinic,Troy,NY,"1,198","4,841"
2,528GY,Clifton Park VA Clinic,Clifton Park,NY,"1,847","9,553"
2,528GZ,Kingston VA Clinic,Kingston,NY,"1,822","6,865"
3,526GA,White Plains VA Clinic,White Plains,NY,"1,523","4,723"
3,526GB,Yonkers VA Clinic,Yonkers,NY,"1,040","3,914"
3,526GD,Thomas B. Noonan VA Clinic,Sunnyside,NY,423,"1,284"
3,561BY,Newark VA Clinic,Newark,NJ,79,"6,618"
3,561BZ,James J. Howard VA Clinic,Brick,NJ,"11,675","81,515"
3,561GA,Hamilton VA Clinic,Hamilton,NJ,"2,259","10,497"
3,561GB,Elizabeth VA Clinic,Elizabeth,NJ,"1,259","4,990"
3,561GD,Hackensack VA Clinic,Hackensack,NJ,"6,269","31,367"
3,561GE,Jersey City VA Clinic,Jersey City,NJ,"1,322","5,946"
3,561GF,Piscataway VA Clinic,Piscataway,NJ,"1,979","10,203"
3,561GH,Morristown VA Clinic,Morristown,NJ,"1,938","7,012"
3,561GI,Tinton Falls VA Clinic,Tinton Falls,NJ,"3,123","13,202"
3,561GJ,Paterson VA Clinic,Paterson,NJ,"1,601","6,422"
3,620GA,New City VA Clinic,New City,NY,"2,903","19,586"
3,620GB,Carmel VA Clinic,Carmel,NY,"1,779","13,036"
3,620GD,Goshen VA Clinic,Goshen,NY,"2,356","15,335"
3,620GE,Port Jervis VA Clinic,Port Jervis,NY,"1,970","13,420"
3,620GF,Monticello VA Clinic,Monticello,NY,"1,312","7,274"
3,620GG,Poughkeepsie VA Clinic,Poughkeepsie,NY,"1,870","8,090"
3,620GH,Eastern Dutchess VA Clinic,Pine Plains,NY,651,"2,742"
3,630A5,New York Harbor VA-St. Albans,Jamaica,NY,"7,276","66,658"
3,630GA,Harlem VA Clinic,New York,NY,"1,242","4,521"
3,630GB,Staten Island VA Clinic,Staten Island,NY,"2,533","15,349"
3,630GC,Chapel Street VA Clinic,Brooklyn,NY,"2,113","26,037"
3,632GA,East Meadow VA Clinic,East Meadow,NY,"6,415","19,088"
3,632HA,Valley Stream VA Clinic,Valley Stream,NY,745,"2,838"
3,632HB,Riverhead VA Clinic,Riverhead,NY,"2,541","14,568"
3,632HC,Bay Shore VA Clinic,Bay Shore,NY,"1,208","3,929"
3,632HD,Patchogue VA Clinic,Patchogue,NY,"2,476","9,323"
4,460GA,Sussex County VA Clinic,Georgetown,DE,"3,118","20,720"
4,460GC,Kent County VA Clinic,Dover,DE,"3,210","23,321"
4,460GD,Cape May County VA Clinic,Cape May,NJ,"2,188","5,734"
4,460HE,Atlantic County VA Clinic,Northfield,NJ,"2,603","14,413"
4,460HG,Cumberland County VA Clinic,Vineland,NJ,"2,762","15,763"
4,503GA,Johnstown VA Clinic,Johnstown,PA,"4,988","27,484"
4,503GB,DuBois VA Clinic,DuBois,PA,"4,132","20,740"
4,503GC,State College VA Clinic,State College,PA,"4,108","16,386"
4,503GD,Huntingdon County VA Clinic,Mapleton Depot,PA,10,11
4,503GE,Indiana County VA Clinic,Indiana,PA,5,5
4,529GA,Michael A. Marzano VA Clinic,Hermitage,PA,"2,752","13,496"
4,529GB,Lawrence County VA Clinic,New Castle,PA,"1,950","6,774"
4,529GC,Armstrong County VA Clinic,Ford City,PA,"1,548","4,200"
4,529GD,Clarion County VA Clinic,Foxburg,PA,"1,070","3,662"
4,529GF,Cranberry Township VA Clinic,Cranberry Township,PA,"1,945","5,687"
4,540GA,Tucker County VA Clinic,Parsons,WV,"1,189","5,345"
4,540GB,Wood County VA Clinic,Parkersburg,WV,"3,512","18,967"
4,540GC,Braxton County VA Clinic,Sutton,WV,"1,949","10,092"
4,540GD,Monongalia County VA Clinic,Westover,WV,"2,597","13,782"
4,542GA,Springfield VA Clinic,Springfield,PA,"3,836","17,741"
4,542GE,Spring City VA Clinic,Spring City,PA,"3,032","9,979"
4,562GA,Crawford County VA Clinic,Meadville,PA,"2,714","12,656"
4,562GB,Ashtabula County VA Clinic,Ashtabula,OH,"2,258","12,019"
4,562GC,McKean County VA Clinic,Bradford,PA,"1,171","3,089"
4,562GD,Venango County VA Clinic,Franklin,PA,"1,975","12,811"
4,562GE,Warren County VA Clinic,Warren,PA,"1,970","8,192"
4,595GA,Camp Hill VA Clinic,Camp Hill,PA,"9,530","54,835"
4,595GC,Lancaster VA Clinic,Lancaster,PA,"4,696","21,032"
4,595GD,Reading VA Clinic,Reading,PA,"4,393","17,351"
4,595GE,York VA Clinic,York,PA,"6,876","36,752"
4,595GF,Pottsville VA Clinic,Pottsville,PA,"2,412","5,815"
4,642GA,Fort Dix VA Clinic,Lakehurst,NJ,"4,874","26,734"
4,642GC,Victor J. Saracini VA Clinic,Horsham,PA,"9,521","28,916"
4,642GD,Gloucester County VA Clinic,Sewell,NJ,"5,567","28,397"
4,646A4,Pittsburgh VA-H.J. Heinz VA,Pittsburgh,PA,"25,345","182,070"
4,646GA,Belmont County VA Clinic,St. Clairsville,OH,"5,234","17,768"
4,646GB,Westmoreland County VA Clinic,Greensburg,PA,"6,781","20,986"
4,646GC,Beaver County VA Clinic,Monaca,PA,"4,786","22,177"
4,646GD,Washington County VA Clinic,Washington,PA,"4,779","20,569"
4,646GE,Fayette County VA Clinic,Uniontown,PA,"3,086","16,375"
4,693B4,Allentown VA Clinic,Allentown,PA,"10,462","83,184"
4,693GA,Sayre VA Clinic,Sayre,PA,"3,053","23,732"
4,693GB,Williamsport VA Clinic,Williamsport,PA,"4,191","15,289"
4,693GC,Tobyhanna VA Clinic,Tobyhanna,PA,663,"1,328"
4,693GF,Columbia County VA Clinic,Berwick,PA,"1,539","4,339"
4,693GG,Northampton County VA Clinic,Bangor,PA,"1,385","5,130"
5,512GA,Cambridge VA Clinic,Cambridge,MD,"5,558","39,695"
5,512GC,Glen Burnie VA Clinic,Glen Burnie,MD,"6,206","27,952"
5,512GD,Loch Raven VA Clinic,Baltimore,MD,"12,533","51,934"
5,512GE,Pocomoke City VA Clinic,Pocomoke City,MD,"1,893","7,810"
5,512GF,Fort Howard VA Clinic,Fort Howard,MD,"2,853","19,686"
5,512GG,Fort Meade VA Clinic,Fort Meade,MD,"4,407","14,238"
5,613GA,Cumberland VA Clinic,Cumberland,MD,"3,657","20,075"
5,613GB,Hagerstown VA Clinic,Hagerstown,MD,"4,290","21,283"
5,613GC,Stephens City VA Clinic,Winchester,VA,"4,562","25,126"
5,613GD,Franklin VA Clinic,Franklin,WV,227,"1,166"
5,613GE,Petersburg VA Clinic,Petersburg,WV,945,"5,212"
5,613GF,Harrisonburg VA Clinic,Harrisonburg,VA,"3,280","17,611"
5,613GG,Fort Detrick VA Clinic,Frederick,MD,"4,704","23,722"
5,688GA,Fort Belvoir VA Clinic,Fort Belvoir,VA,"6,892","29,380"
5,688GB,Southeast Washington VA Clinic,Washington,DC,711,"3,103"
5,688GC,Greenbelt VA Clinic,Greenbelt,MD,"1,714","6,480"
5,688GD,Charlotte Hall VA Clinic,Charlotte Hall,MD,"3,111","15,558"
5,688GE,Southern Prince George's County VA Clinic,Camp Springs,MD,"4,188","16,380"
6,517GB,Greenbrier County VA Clinic,Maxwelton,WV,"1,916","10,382"
6,558GA,Greenville VA Clinic,Greenville,NC,"10,781","61,503"
6,558GB,Raleigh VA Clinic,Raleigh,NC,"12,365","70,682"
6,558GC,Morehead City VA Clinic,Morehead City,NC,"4,868","26,038"
6,565GA,Jacksonville VA Clinic,Midway Park,NC,"6,255","34,486"
6,565GC,Wilmington VA Clinic,Wilmington,NC,"13,609","76,029"
6,565GD,Hamlet VA Clinic,Hamlet,NC,"2,114","12,755"
6,565GE,Robeson County VA Clinic,Pembroke,NC,"2,291","18,749"
6,565GF,Goldsboro VA Clinic,Goldsboro,NC,"2,328","13,322"
6,590GB,Virginia Beach VA Clinic,Virginia Beach,VA,"7,711","34,496"
6,590GC,Albemarle VA Clinic,Elizabeth City,NC,"2,122","16,065"
6,637GA,Franklin VA Clinic,Franklin,NC,"3,579","24,226"
6,637GB,Rutherford County VA Clinic,Rutherfordton,NC,"3,570","27,882"
6,652GA,Fredericksburg VA Clinic,Fredericksburg,VA,"5,901","35,601"
6,652GE,Charlottesville VA Clinic,Charlottesville,VA,"2,960","19,255"
6,652GF,Emporia VA Clinic,Emporia,VA,"1,496","9,592"
6,658GA,Tazewell VA Clinic,Tazewell,VA,738,"2,776"
6,658GB,Danville VA Clinic,Danville,VA,"5,406","28,817"
6,658GC,Lynchburg VA Clinic,Lynchburg,VA,"4,228","26,034"
6,658GD,Staunton VA Clinic,Staunton,VA,"1,801","15,336"
6,658GE,Wytheville VA Clinic,Wytheville,VA,"3,248","23,052"
6,658HG,Covington VA Clinic,Covington,VA,5,5
6,659BY,Winston-Salem VA Clinic,Winston-Salem,NC,"25,696","191,168"
6,659GA,Charlotte VA Clinic,Charlotte,NC,"24,545","244,504"
6,659GB,Hickory VA Clinic,Hickory,NC,"8,849","59,189"
7,508GA,Fort McPherson VA Clinic,Atlanta,GA,"12,896","75,092"
7,508GE,Northeast Georgia-Oakwood VA Clinic,Oakwood,GA,"5,884","31,615"
7,508GF,Austell VA Clinic,Austell,GA,"6,900","33,758"
7,508GG,Stockbridge VA Clinic,Stockbridge,GA,"6,817","37,173"
7,508GH,Lawrenceville VA Clinic,Lawrenceville,GA,"9,807","40,359"
7,508GI,Newnan VA Clinic,Newnan,GA,"4,574","22,324"
7,508GJ,Blairsville VA Clinic,Blairsville,GA,"2,932","11,581"
7,508GK,Trinka Davis Veterans Village Clinic,Carrollton,GA,"5,661","33,491"
7,509GA,Athens VA Clinic,Athens,GA,"4,743","24,601"
7,509GB,Aiken VA Clinic,Aiken,SC,"3,296","18,535"
7,521GA,Huntsville VA Clinic,Huntsville,AL,"7,502","52,788"
7,521GB,Decatur VA Clinic,Madison,AL,"5,875","28,040"
7,521GC,Florence VA Clinic,Sheffield,AL,"3,641","25,401"
7,521GD,Rainbow City VA Clinic,Gadsden,AL,"3,795","23,666"
7,521GE,Oxford VA Clinic,Oxford,AL,"4,362","25,438"
7,521GF,Jasper VA Clinic,Jasper,AL,"2,081","17,651"
7,521GG,Bessemer VA Clinic,Bessemer,AL,"3,192","27,186"
7,521GH,Childersburg VA Clinic,Childersburg,AL,"2,124","16,624"
7,521GI,Guntersville VA Clinic,Guntersville,AL,"2,681","18,635"
7,534BY,Savannah VA Clinic,Savannah,GA,"12,409","90,306"
7,534GB,Myrtle Beach VA Clinic,Myrtle Beach,SC,"11,841","85,434"
7,534GC,Beaufort VA Clinic,Beaufort,SC,"4,554","25,014"
7,534GD,Captain John G. Feder VA Clinic,Goose Creek,SC,"10,697","63,090"
7,534GE,Hinesville VA Clinic,Hinesville,GA,"3,271","16,824"
7,544BZ,Greenville VA Clinic,Greenville,SC,"17,954","97,429"
7,544GB,Florence VA Clinic,Florence,SC,"6,513","36,504"
7,544GC,Rock Hill VA Clinic,Rock Hill,SC,"7,372","37,980"
7,544GD,Anderson VA Clinic,Anderson,SC,"5,158","27,839"
7,544GE,Orangeburg VA Clinic,Orangeburg,SC,"2,718","18,314"
7,544GF,Sumter VA Clinic,Sumter,SC,"4,344","22,891"
7,544GG,Spartanburg VA Clinic,Spartanburg,SC,"5,248","28,868"
7,557GA,Macon VA Clinic,Macon,GA,"6,278","19,470"
7,557GB,Albany VA Clinic,Albany,GA,"4,432","16,820"
7,557GC,Milledgeville VA Clinic ,Milledgeville,GA,"1,366","7,734"
7,557GE,Brunswick VA Clinic,Brunswick,GA,"3,226","23,793"
7,557HA,Perry VA Clinic,Kathleen,GA,"3,826","16,779"
7,619GA,Columbus VA Clinic,Columbus,GA,"10,084","46,913"
7,619GB,Dothan VA Clinic,Dothan,AL,"4,780","19,495"
7,619GD,Wiregrass VA Clinic,Fort Rucker,AL,"6,631","28,883"
7,619GE,Monroe County VA Clinic,Monroeville,AL,"1,016","5,368"
8,516BZ,Lee County VA Clinic,Cape Coral,FL,"34,724","388,064"
8,516GA,Sarasota VA Clinic,Sarasota,FL,"12,229","86,686"
8,516GB,St. Petersburg VA Clinic,St. Petersburg,FL,"2,557","28,151"
8,516GC,Palm Harbor VA Clinic,Palm Harbor,FL,"7,537","55,656"
8,516GD,Bradenton VA Clinic,Bradenton,FL,"13,801","83,912"
8,516GE,Port Charlotte VA Clinic,Port Charlotte,FL,"9,283","72,460"
8,516GF,Naples VA Clinic,Naples,FL,"6,988","45,844"
8,516GH,Sebring VA Clinic,Sebring,FL,"3,492","31,353"
8,546BZ,"William ""Bill"" Kling VA Clinic",Sunrise,FL,"22,969","207,906"
8,546GA,Miami VA Clinic,Miami,FL,"2,519","34,195"
8,546GB,Key West VA Clinic,Key West,FL,"2,131","15,310"
8,546GC,Homestead VA Clinic,Homestead,FL,"3,116","21,618"
8,546GD,Pembroke Pines VA Clinic,Hollywood,FL,"2,896","14,238"
8,546GE,Key Largo VA Clinic,Key Largo,FL,976,"4,164"
8,546GF,Hollywood VA Clinic,Hollywood,FL,"3,756","21,329"
8,546GH,Deerfield Beach VA Clinic,Deerfield Beach,FL,"2,070","7,748"
8,548GA,Fort Pierce VA Clinic,Fort Pierce,FL,"5,483","25,118"
8,548GB,Delray Beach VA Clinic,Delray Beach,FL,"9,060","36,855"
8,548GC,Stuart VA Clinic,Stuart,FL,"6,354","29,184"
8,548GD,Boca Raton VA Clinic,Boca Raton,FL,"4,134","19,262"
8,548GE,Vero Beach VA Clinic,Vero Beach,FL,"4,433","21,217"
8,548GF,Okeechobee VA Clinic,Okeechobee,FL,"2,212","14,311"
8,573BY,Southpoint VA Clinic,Jacksonville,FL,"38,191","381,919"
8,573GA,Valdosta VA Clinic,Valdosta,GA,"4,692","19,752"
8,573GD,Ocala VA Clinic,Ocala,FL,"11,923","51,398"
8,573GE,Saint Augustine VA Clinic,Saint Augustine,FL,"5,187","31,179"
8,573GF,Tallahassee VA Clinic,Tallahassee,FL,"15,698","162,512"
8,573GG,Lecanto VA Clinic,Lecanto,FL,"8,184","38,824"
8,573GI,The Villages VA Clinic,The Villages,FL,"18,379","139,699"
8,573GJ,St. Marys VA Clinic,St. Marys,GA,"2,795","12,220"
8,573GK,Marianna VA Clinic,Marianna,FL,"2,317","12,700"
8,573GL,Palatka VA Clinic,Palatka,FL,"2,567","12,308"
8,672B0,Ponce VA Clinic,Ponce,PR,"12,001","162,454"
8,672BZ,Mayaguez VA Clinic,Mayaguez,PR,"10,185","130,643"
8,672GA,Saint Croix VA Clinic,St. Croix,VI,814,"3,056"
8,672GB,Saint Thomas VA Clinic,Saint Thomas,VI,807,"3,053"
8,672GC,Arecibo VA Clinic,Arecibo,PR,"4,559","32,813"
8,672GD,Ceiba VA Clinic,Pueblo Ward,PR,"3,824","25,275"
8,672GE,Guayama VA Clinic,Guayama,PR,"1,714","11,549"
8,673BZ,New Port Richey VA Clinic,New Port Richey,FL,"15,953","199,974"
8,673GB,Lakeland VA Clinic,Lakeland,FL,"9,956","75,311"
8,673GC,Brooksville VA Clinic,Brooksville,FL,"6,241","52,390"
8,673GF,Zephyrhills VA Clinic,Zephyrhills,FL,"3,544","21,548"
8,675,Orlando VA,Orlando,FL,891,"1,012"
8,675GA,Viera VA Clinic,Viera,FL,"26,225","368,207"
8,675GB,"William V. Chappell, Jr. VA Clinic",Daytona Beach,FL,"20,388","226,941"
8,675GC,Kissimmee VA Clinic,Kissimmee,FL,"4,818","31,673"
8,675GD,Orange City VA Clinic,Sanford,FL,"4,471","23,310"
8,675GE,Leesburg VA Clinic,Leesburg,FL,"4,967","27,564"
8,675GF,Clermont VA Clinic,Clermont,FL,"3,647","15,308"
8,675GG,Lake Baldwin VA Clinic,Orlando,FL,"87,847","1,063,886"
9,581GA,Prestonsburg VA Clinic,Prestonsburg,KY,"3,227","25,873"
9,581GB,Charleston VA Clinic,Charleston,WV,"6,002","37,808"
9,596,Lexington VA-Leestown,Lexington,KY,"29,495","243,219"
9,596GA,Somerset VA Clinic,Somerset,KY,"5,382","21,228"
9,596GB,Morehead VA Clinic,Morehead,KY,"2,449","7,333"
9,596GC,Hazard VA Clinic,Hazard,KY,"2,034","6,039"
9,596GD,Berea VA Clinic,Berea,KY,"3,869","11,257"
9,603GA,Fort Knox VA Clinic,Fort Knox,KY,"5,292","23,350"
9,603GB,New Albany VA Clinic,New Albany,IN,"6,727","48,492"
9,603GC,Shively VA Clinic,Louisville,KY,"9,275","49,687"
9,603GD,Dupont VA Clinic,Louisville,KY,"5,819","38,882"
9,603GE,Newburg VA Clinic,Louisville,KY,"8,468","47,850"
9,603GF,Grayson County VA Clinic,Clarkson,KY,"4,091","35,770"
9,603GG,Scott County VA Clinic,Scottsburg,IN,"2,951","21,073"
9,603GH,Carrollton VA Clinic,Carrollton,KY,"2,582","9,938"
9,614GA,Tupelo CBOC,Tupelo,MS,"4,430","19,824"
9,614GB,Jonesboro VA Clinic,Jonesboro,AR,"3,270","15,305"
9,614GC,Marshall County VA Clinic,Holly Springs,MS,"1,077","3,852"
9,614GD,Savannah VA Clinic,Savannah,TN,"1,773","8,948"
9,614GE,Covington VA Clinic,Memphis,TN,"6,013","25,460"
9,614GF,Memphis South VA Clinic,Memphis,TN,"6,941","33,512"
9,614GG,Jackson VA Clinic,Jackson,TN,"5,874","23,877"
9,614GI,Dyersburg VA Clinic,Dyersburg,TN,"1,756","9,089"
9,614GN,Helena VA Clinic,Helena,AR,978,"6,014"
9,621BY,Knoxville VA Clinic,Knoxville,TN,"17,270","146,106"
9,621GA,Rogersville VA Clinic,Rogersville,TN,"1,319","6,537"
9,621GC,Norton VA Clinic,Norton,VA,"2,362","17,182"
9,621GG,Morristown VA Clinic,Morristown,TN,"2,581","14,618"
9,621GI,Sevierville VA Clinic,Sevierville,TN,"2,561","11,537"
9,621GJ,Bristol VA Clinic,Bristol,VA,"3,854","17,253"
9,621GK,Campbell County VA Clinic,LaFollette,TN,340,800
9,626GA,Dover VA Clinic,Dover,TN,859,"2,733"
9,626GC,Bowling Green VA Clinic,Bowling Green,KY,"2,615","9,301"
9,626GE,Clarksville VA Clinic,Clarksville,TN,"8,204","45,587"
9,626GF,Chattanooga VA Clinic,Chattanooga,TN,"15,675","143,191"
9,626GG,Tullahoma VA Clinic,Arnold Air Force Base,TN,"1,960","6,859"
9,626GH,Cookeville VA Clinic,Cookeville,TN,"4,892","21,266"
9,626GJ,Hopkinsville VA Clinic,Hopkinsville,KY,"2,768","14,954"
9,626GK,McMinnville VA Clinic,McMinnville,TN,"1,699","11,393"
9,626GL,Roane County VA Clinic,Harriman,TN,733,"1,233"
9,626GM,Maury County VA Clinic,Columbia,TN,"2,737","9,768"
9,626GN,Athens VA Clinic,Athens,TN,732,"1,808"
10,538GA,Athens VA Clinic,Athens,OH,"2,424","19,673"
10,538GB,Portsmouth VA Clinic,Portsmouth,OH,"2,743","22,257"
10,538GC,Marietta VA Clinic,Marietta,OH,"1,461","8,849"
10,538GD,Lancaster VA Clinic,Lancaster,OH,"3,215","24,367"
10,538GE,Cambridge VA Clinic,Cambridge,OH,"1,650","10,482"
10,539GA,Bellevue VA Clinic,Bellevue,KY,"4,404","23,323"
10,539GB,Clermont County VA Clinic,Cincinnati,OH,"6,363","45,716"
10,539GC,Lawrenceburg VA Clinic,Greendale,IN,"3,802","24,745"
10,539GD,Florence VA Clinic,Florence,KY,"4,391","30,720"
10,539GE,Hamilton VA Clinic,Hamilton,OH,"4,135","29,704"
10,539GF,Georgetown VA Clinic,Georgetown,OH,"1,116","6,095"
10,541BY,Canton VA Clinic,Canton,OH,"12,733","89,840"
10,541BZ,Youngstown VA Clinic,Youngstown,OH,"10,333","88,595"
10,541GB,Lorain VA Clinic,Lorain,OH,"11,290","57,598"
10,541GC,Sandusky VA Clinic,Sandusky,OH,"4,839","24,491"
10,541GD,Mansfield VA Clinic,Mansfield,OH,"7,410","68,726"
10,541GE,McCafferty VA Clinic,Cleveland,OH,"2,045","9,238"
10,541GF,Painesville VA Clinic,Painesville,OH,"6,744","45,400"
10,541GG,Akron VA Clinic,Akron,OH,"14,816","133,981"
10,541GH,East Liverpool VA Clinic,Calcutta,OH,"3,050","24,296"
10,541GI,Warren VA Clinic,Warren,OH,"4,015","29,412"
10,541GJ,New Philadelphia VA Clinic,New Philadelphia,OH,"3,506","26,013"
10,541GK,Ravenna VA Clinic,Ravenna,OH,"3,551","22,218"
10,541GL,Parma VA Clinic,Parma,OH,"26,946","167,403"
10,552GA,Middletown VA Clinic,Middletown,OH,"3,650","28,539"
10,552GB,Lima VA Clinic,Lima,OH,"3,990","25,031"
10,552GC,Richmond VA Clinic,Richmond,IN,"3,179","22,855"
10,552GD,Springfield VA Clinic,Springfield,OH,"3,885","27,438"
10,757GA,Zanesville VA Clinic,Zanesville,OH,"3,536","24,649"
10,757GB,Grove City VA Clinic,Grove City,OH,"3,230","15,756"
10,757GC,Marion VA Clinic,Marion,OH,"2,680","16,037"
10,757GD,Newark VA Clinic,Newark,OH,"3,798","21,005"
11,506GA,Toledo VA Clinic,Toledo,OH,"14,741","147,996"
11,506GB,Flint VA Clinic,Flint,MI,"2,947","15,999"
11,506GC,Jackson VA Clinic,Michigan Center,MI,"3,396","17,083"
11,515BY,Grand Rapids VA Clinic,Grand Rapids,MI,"19,732","170,722"
11,515GA,Muskegon VA Clinic,Muskegon,MI,"4,574","31,441"
11,515GB,Lansing VA Clinic,Lansing,MI,"4,096","26,255"
11,515GC,Benton Harbor VA Clinic,Benton Harbor,MI,"2,829","18,805"
11,550BY,Bob Michel VA Clinic,Peoria,IL,"11,039","98,768"
11,550GA,Decatur VA Clinic,Decatur,IL,"4,029","20,407"
11,550GC,West Lafayette VA Clinic,West Lafayette,IN,"2,782","18,286"
11,550GD,Springfield VA Clinic,Springfield,IL,"5,025","30,060"
11,550GF,Charleston VA Clinic,Mattoon,IL,"1,868","11,707"
11,553GA,Yale VA Clinic,Yale,MI,"4,325","22,972"
11,553GB,Pontiac VA Clinic,Pontiac,MI,"3,451","14,910"
11,583GA,Terre Haute VA Clinic,Terre Haute,IN,"5,066","26,230"
11,583GB,Bloomington VA Clinic,Bloomington,IN,"4,949","26,429"
11,583GC,Martinsville VA Clinic,Martinsville,IN,"1,629","7,150"
11,610GA,South Bend VA Clinic,South Bend,IN,"8,638","36,528"
11,610GB,Muncie VA Clinic,Muncie,IN,"4,241","21,535"
11,610GC,Goshen VA Clinic,Goshen,IN,"3,635","16,378"
11,610GD,Peru VA Clinic,Peru,IN,"2,976","13,925"
11,655GA,Gaylord VA Clinic,Gaylord,MI,"3,619","17,021"
11,655GB,Traverse City VA Clinic,Traverse City,MI,"4,867","20,439"
11,655GC,Oscoda VA Clinic,Oscoda,MI,"2,046","7,606"
11,655GD,Clement C. Van Wagoner VA Clinic,Alpena,MI,"2,058","11,744"
11,655GE,Clare VA Clinic,Clare,MI,"3,830","16,210"
11,655GF,Bad Axe VA Clinic,Bad Axe,MI,"1,221","7,170"
11,655GG,Cadillac VA Clinic,Cadillac,MI,"2,598","11,089"
11,655GH,Cheboygan VA Clinic,Mackinaw City,MI,"1,287","6,005"
11,655GI,Grayling VA Clinic,Grayling,MI,"1,061","4,369"
12,537BY,Adam Benjamin Jr. VA Clinic,Crown Point,IN,"13,684","122,427"
12,537GA,Chicago Heights VA Clinic,Chicago Heights,IL,"2,641","9,455"
12,537GD,Lakeside VA Clinic,Chicago,IL,"4,054","19,414"
12,537HA,Auburn Gresham VA Clinic,Chicago,IL,"2,514","8,577"
12,556GA,Evanston VA Clinic,Evanston,IL,"1,934","7,995"
12,556GC,McHenry VA Clinic,McHenry,IL,"3,504","17,918"
12,556GD,Kenosha VA Clinic,Kenosha,WI,"2,072","14,363"
12,578GA,Joliet VA Clinic,Joliet,IL,"6,238","43,008"
12,578GC,Kankakee County VA Clinic,Bourbonnais,IL,"2,842","22,675"
12,578GD,Aurora VA Clinic,North Aurora,IL,"4,610","26,983"
12,578GE,Elgin VA Clinic,Elgin,IL,"3,919","26,987"
12,578GF,LaSalle VA Clinic,Peru,IL,"3,282","30,415"
12,578GG,Oak Lawn VA Clinic,Oak Lawn,IL,"6,115","40,553"
12,585GA,Hancock VA Clinic,Hancock,MI,"1,830","10,465"
12,585GB,Rhinelander VA Clinic,Rhinelander,WI,"3,444","14,716"
12,585GC,Menominee VA Clinic,Menominee,MI,"2,287","9,826"
12,585GD,Ironwood VA Clinic,Ironwood,MI,"1,690","8,047"
12,585HA,Marquette VA Clinic,Marquette,MI,"2,763","13,192"
12,585HB,Sault Saint Marie VA Clinic,Sault Saint Marie,MI,"1,237","6,082"
12,607GC,Janesville VA Clinic,Janesville,WI,"3,139","13,162"
12,607GD,Baraboo VA Clinic,Baraboo,WI,"1,724","7,214"
12,607GE,Beaver Dam VA Clinic,Beaver Dam,WI,"2,348","8,482"
12,607GF,Freeport VA Clinic,Freeport,IL,"1,906","8,783"
12,607HA,Rockford VA Clinic,Rockford,IL,"9,068","54,163"
12,676GA,Wausau VA Clinic,Wausau,WI,"5,089","20,810"
12,676GC,River Valley VA Clinic,La Crosse,WI,"6,276","26,634"
12,676GD,Wisconsin Rapids VA Clinic,Wisconsin Rapids,WI,"5,705","26,819"
12,676GE,Clark County VA Clinic,Owen,WI,"1,268","3,449"
12,695BY,John H. Bradley VA Clinic,Appleton,WI,"13,836","116,173"
12,695GA,Union Grove VA Clinic,Union Grove,WI,"3,527","19,359"
12,695GC,Cleveland VA Clinic,Cleveland,WI,"4,346","17,201"
12,695GD,Milo C. Huempfner VA Clinic,Green Bay,WI,"11,595","91,966"
15,589G1,Warrensburg VA Clinic,Warrensburg,MO,"2,271","9,971"
15,589G2,Fort Dodge VA Clinic,Fort Dodge,KS,"1,362","5,576"
15,589G3,Liberal VA Clinic,Liberal,KS,638,"1,418"
15,589G4,Hays VA Clinic,Hays,KS,"2,751","12,713"
15,589G5,Parsons VA Clinic,Parsons,KS,"1,863","9,433"
15,589G7,Hutchinson VA Clinic,Hutchinson,KS,"1,991","12,559"
15,589G8,Jefferson City VA Clinic,Jefferson City,MO,"3,524","20,373"
15,589G9,Fort Riley VA Clinic,Fort Riley,KS,919,"1,831"
15,589GB,Belton VA Clinic,Belton,MO,"2,256","8,238"
15,589GC,Paola VA Clinic,Paola,KS,"1,367","6,577"
15,589GD,Nevada VA Clinic,Nevada,MO,"1,807","12,769"
15,589GE,Kirksville VA Clinic,Kirksville,MO,"2,330","7,967"
15,589GF,Fort Leonard Wood VA Clinic,Waynesville,MO,"3,745","18,818"
15,589GH,Lake of the Ozarks VA Clinic,Osage Beach,MO,"2,590","14,021"
15,589GI,St. Joseph VA Clinic,St. Joseph,MO,"2,762","11,923"
15,589GJ,Wyandotte County VA Clinic,Kansas City,KS,"1,464","6,694"
15,589GM,Chanute VA Clinic,Chanute,KS,378,"1,113"
15,589GN,Emporia VA Clinic,Emporia,KS,292,680
15,589GP,Garnett VA Clinic,Garnett,KS,165,450
15,589GR,Junction City VA Clinic,Junction City,KS,"1,844","6,307"
15,589GT,Seneca VA Clinic,Seneca,KS,109,148
15,589GU,Lawrence VA Clinic,Lawrence,KS,"1,118","3,576"
15,589GV,Fort Scott VA Clinic,Fort Scott,KS,517,"2,030"
15,589GW,Salina VA Clinic,Salina,KS,"2,664","14,119"
15,589GX,Mexico VA Clinic,Mexico,MO,"1,970","6,968"
15,589GY,St. James VA Clinic,St. James,MO,"1,899","10,565"
15,589GZ,Cameron VA Clinic,Cameron,MO,"1,283","6,126"
15,589JA,Sedalia VA Clinic,Sedalia,MO,"1,633","8,037"
15,589JB,Excelsior Springs VA Clinic,Excelsior Springs,MO,"2,923","11,962"
15,589JD,Marshfield VA Clinic,Marshfield,MO,787,"3,126"
15,657GA,Belleville VA Clinic,Belleville,IL,"2,790","12,495"
15,657GB,St. Louis VA Clinic,Florissant,MO,"3,658","14,062"
15,657GD,St. Charles County VA Clinic,O'Fallon,MO,"3,378","16,301"
15,657GF,West Plains VA Clinic,West Plains,MO,"3,010","13,527"
15,657GG,Paragould VA Clinic,Paragould,AR,"2,177","9,178"
15,657GH,Cape Girardeau VA Clinic,Cape Girardeau,MO,"4,698","17,269"
15,657GI,Farmington VA Clinic,Farmington,MO,"2,935","11,901"
15,657GJ,Evansville VA Clinic,Evansville,IN,"14,700","131,918"
15,657GK,Mount Vernon VA Clinic,Mount Vernon,IL,"2,452","10,543"
15,657GL,Paducah VA Clinic,Paducah,KY,"5,092","24,398"
15,657GM,Effingham VA Clinic,Effingham,IL,"2,928","13,175"
15,657GN,Salem VA Clinic,Salem,MO,143,267
15,657GO,Hanson VA Clinic,Hanson,KY,"1,192","3,938"
15,657GP,Owensboro VA Clinic,Owensboro,KY,"3,033","14,866"
15,657GQ,Vincennes VA Clinic,Vincennes,IN,"2,015","7,312"
15,657GR,Mayfield VA Clinic,Mayfield,KY,"2,444","10,453"
15,657GS,Washington VA Clinic,Washington,MO,"1,230","5,985"
15,657GT,Carbondale VA Clinic,Carbondale,IL,"3,411","10,551"
15,657GU,Harrisburg VA Clinic,Harrisburg,IL,"1,268","4,194"
15,657GV,Sikeston VA Clinic,Sikeston,MO,"2,291","8,211"
16,502GA,Jennings VA Clinic,Jennings,LA,"4,989","22,054"
16,502GB,Lafayette VA Clinic,Lafayette,LA,"7,713","40,629"
16,502GF,Fort Polk VA Clinic,Leesville,LA,"3,076","18,375"
16,502GG,Natchitoches VA Clinic,Natchitoches,LA,"1,254","9,405"
16,520BZ,Pensacola VA Clinic,Pensacola,FL,"32,061","261,033"
16,520GA,Mobile VA Clinic,Mobile,AL,"12,225","105,874"
16,520GB,Panama City VA Clinic,Panama City Beach,FL,"6,550","58,630"
16,520GC,Eglin Air Force Base VA Clinic,Eglin Air Force Base,FL,"7,463","61,564"
16,564BY,Gene Taylor VA Clinic,Mt. Vernon,MO,"16,183","148,146"
16,564GA,Harrison VA Clinic,Harrison,AR,"1,858","6,857"
16,564GB,Fort Smith VA Clinic,Fort Smith,AR,"10,138","96,768"
16,564GC,Branson VA Clinic,Branson,MO,"7,240","54,121"
16,564GD,Ozark VA Clinic,Ozark,AR,"1,249","6,368"
16,564GE,Jay VA Clinic,Jay,OK,"1,893","15,005"
16,580BY,Beaumont VA Clinic,Beaumont,TX,"10,677","104,307"
16,580BZ,Charles Wilson VA Clinic,Lufkin,TX,"8,367","72,028"
16,580GC,Galveston County VA Clinic,Galveston,TX,"7,977","47,430"
16,580GD,Conroe VA Clinic,Conroe,TX,"8,622","46,368"
16,580GE,Katy VA Clinic,Katy,TX,"7,786","41,601"
16,580GF,Lake Jackson VA Clinic,Lake Jackson,TX,"2,937","17,728"
16,580GG,Richmond VA Clinic,Richmond,TX,"4,115","22,545"
16,580GH,Tomball VA Clinic,Tomball,TX,"7,873","33,169"
16,586GA,Kosciusko VA Clinic,Kosciusko,MS,"1,828","4,917"
16,586GB,Meridian VA Clinic,Meridian,MS,"3,595","12,382"
16,586GC,Greenville VA Clinic,Greenville,MS,"2,072","4,619"
16,586GD,Hattiesburg VA Clinic,Hattiesburg,MS,"5,137","15,654"
16,586GE,Natchez VA Clinic,Natchez,MS,"1,434","6,009"
16,586GF,Columbus VA Clinic,Columbus,MS,"2,061","6,677"
16,586GG,McComb VA Clinic,McComb,MS,"2,360","7,821"
16,598GA,Mountain Home VA Clinic,Mountain Home,AR,"3,684","13,678"
16,598GB,El Dorado VA Clinic,El Dorado,AR,"1,836","7,072"
16,598GC,Hot Springs VA Clinic,Hot Springs,AR,"4,884","36,727"
16,598GD,Mena VA Clinic,Mena,AR,"1,598","5,937"
16,598GE,Pine Bluff VA Clinic,Pine Bluff,AR,"2,845","12,293"
16,598GF,Searcy VA Clinic,Searcy,AR,"3,261","23,207"
16,598GG,Conway VA Clinic,Conway,AR,"4,684","33,242"
16,598GH,Russellville VA Clinic,Russellville,AR,"2,300","21,922"
16,623BY,Tulsa VA Clinic,Tulsa,OK,"21,463","214,578"
16,623GA,Hartshorne VA Clinic,Hartshorne,OK,"2,075","10,312"
16,623GB,Vinita VA Clinic,Vinita,OK,"2,323","15,657"
16,629BY,Baton Rouge VA Clinic,Baton Rouge,LA,"12,537","116,845"
16,629GA,Houma VA Clinic,Houma,LA,"3,745","19,888"
16,629GB,Hammond VA Clinic,Hammond,LA,"3,589","18,851"
16,629GC,Slidell VA Clinic,Slidell,LA,"4,187","30,200"
16,629GD,St. John VA Clinic,Reserve,LA,"2,182","12,125"
16,629GE,Franklin VA Clinic,Franklin,LA,724,"4,334"
16,629GF,Bogalusa VA Clinic,Bogalusa,LA,"1,197","5,584"
16,635GA,Lawton VA Clinic,Fort Sill,OK,"9,334","68,306"
16,635GB,Wichita Falls VA Clinic,Wichita Falls,TX,"3,066","11,723"
16,635GC,Blackwell VA Clinic,Blackwell,OK,639,"2,407"
16,635GD,Ada VA Clinic,Ada,OK,"1,365","4,820"
16,635GE,Stillwater VA Clinic,Stillwater,OK,"1,501","7,463"
16,635GF,Altus VA Clinic,Altus,OK,652,"2,060"
16,635GG,Enid VA Clinic,Enid,OK,938,"3,534"
16,635HA,Clinton,Clinton,OK,,
16,635HB,Ardmore VA Clinic,Ardmore,OK,"1,184","4,289"
16,667GA,Texarkana VA Clinic,Texarkana,AR,"4,796","27,182"
16,667GB,Monroe VA Clinic,Monroe,LA,"5,221","22,802"
16,667GC,Longview VA Clinic,Longview,TX,"6,284","26,467"
17,549A4,North Texas VA-Sam Rayburn,Bonham,TX,"19,215","207,916"
17,549BY,Fort Worth VA Clinic,Fort Worth,TX,"39,037","371,074"
17,549GA,Tyler VA Clinic,Tyler,TX,"5,696","22,376"
17,549GB,Dallas County VA Clinic,Dallas,TX,,
17,549GC,Bonham VA Clinic,Paris,TX,33,47
17,549GD,Denton VA Clinic,Denton,TX,"7,305","19,793"
17,549GE,Bridgeport VA Clinic,Bridgeport,TX,"1,485","3,901"
17,549GF,Granbury VA Clinic,Granbury,TX,"1,421","3,383"
17,549GH,Greenville VA Clinic,Greenville,TX,"1,853","4,740"
17,549GI,Cleburne VA Clinic,Waxahachie,TX,,
17,549GJ,Sherman VA Clinic,Sherman,TX,"3,708","16,624"
17,671BY,Frank M. Tejeda VA Clinic,San Antonio,TX,"27,799","135,488"
17,671GB,Victoria VA Clinic,Victoria,TX,"3,356","21,967"
17,671GC,Del Rio VA Clinic,Del Rio,TX,236,368
17,671GF,South Bexar County VA Clinic,San Antonio,TX,"5,086","22,482"
17,671GH,Beeville VA Clinic,Beeville,TX,402,"1,666"
17,671GJ,Uvalde VA Clinic,Uvalde,TX,,
17,671GK,San Antonio VA Clinic,San Antonio,TX,"6,424","11,929"
17,671GL,New Braunfels VA Clinic,New Braunfels,TX,"1,825","3,953"
17,671GN,Seguin VA Clinic,Seguin,TX,188,228
17,671GO,North Central Federal VA Clinic,San Antonio,TX,"12,569","46,434"
17,674BY,Austin VA Clinic,Austin,TX,"27,399","321,670"
17,674GA,Palestine VA Clinic,Palestine,TX,"3,449","19,950"
17,674GB,Brownwood VA Clinic,Brownwood,TX,"2,832","29,639"
17,674GC,Bryan VA Clinic,College Station,TX,"4,359","32,284"
17,674GD,Cedar Park VA Clinic,Cedar Park,TX,"5,861","34,546"
17,674HB,LaGrange VA Clinic,LaGrange,TX,"1,181","3,454"
17,740,Texas Valley Coastal Bend VA-Harlingen,Harlingen,TX,"20,635","123,264"
17,740GA,Harlingen VA Clinic,Harlingen,TX,"11,017","67,785"
17,740GB,McAllen VA Clinic,McAllen,TX,"11,452","118,429"
17,740GC,Corpus Christi VA Clinic,Corpus Christi,TX,"11,444","113,631"
17,740GD,Laredo VA Clinic,Laredo,TX,"2,810","22,648"
17,740GE,Eagle Pass,Eagle Pass,TX,2,2
18,501G2,Las Vegas VA Clinic,Las Vegas,NM,"1,946","10,886"
18,501GA,Artesia VA Clinic,Artesia,NM,"2,074","10,565"
18,501GB,Farmington VA Clinic,Farmington,NM,"2,436","15,677"
18,501GC,Silver City VA Clinic,Silver City,NM,"1,465","9,594"
18,501GD,Gallup VA Clinic,Gallup,NM,"1,558","9,105"
18,501GE,Espanola VA Clinic,Espanola,NM,912,"5,047"
18,501GH,Truth or Consequences VA Clinic,Truth or Consequences,NM,743,"4,018"
18,501GI,Alamogordo VA Clinic,Alamogordo,NM,"1,649","6,339"
18,501GJ,Durango VA Clinic,Durango,CO,"1,951","8,227"
18,501GK,Santa Fe VA Clinic,Sante Fe,NM,"2,498","11,019"
18,501GM,Northwest Metro VA Clinic,Rio Rancho,NM,"4,077","19,847"
18,501HB,Raton VA Clinic,Raton,NM,991,"9,619"
18,504BY,Lubbock VA Clinic,Lubbock,TX,"9,891","109,211"
18,504BZ,Clovis VA Clinic,Clovis,NM,"1,546","9,535"
18,504GA,Childress VA Clinic,Childress,TX,395,"1,329"
18,504HB,Dalhart VA Clinic,Dalhart,TX,251,571
18,519GA,Permian Basin VA Clinic,Odessa,TX,"3,684","15,160"
18,519GB,Hobbs VA Clinic,Hobbs,NM,"1,013","5,746"
18,519GD,Fort Stockton VA Clinic,Fort Stockton,TX,196,382
18,519HC,Abilene VA Clinic,Abilene,TX,"5,466","30,812"
18,519HD,Stamford VA Clinic,Stamford,TX,116,235
18,519HF,San Angelo VA Clinic,San Angelo,TX,"2,587","16,348"
18,644BY,Southeast VA Clinic,Gilbert,AZ,"16,236","77,722"
18,644GA,Sun City VA Clinic,Surprise,AZ,"10,514","56,224"
18,644GB,Show Low VA Clinic,Show Low,AZ,"2,268","12,694"
18,644GC,Southwest,Buckeye,AZ,,
18,644GD,Payson VA Clinic,Payson,AZ,839,"3,627"
18,644GE,Thunderbird VA Clinic,Phoenix,AZ,"7,291","24,013"
18,644GF,Globe VA Clinic,Globe,AZ,709,"3,759"
18,649GA,Kingman VA Clinic,Kingman,AZ,"3,296","17,648"
18,649GB,Flagstaff VA Clinic,Flagstaff,AZ,"2,260","9,088"
18,649GC,Lake Havasu City VA Clinic,Lake Havasu City,AZ,"3,038","14,122"
18,649GD,Anthem VA Clinic,Anthem,AZ,"1,408","4,584"
18,649GE,Cottonwood VA Clinic,Cottonwood,AZ,"2,046","9,605"
18,678GA,Sierra Vista VA Clinic,Sierra Vista,AZ,"5,839","40,917"
18,678GB,Yuma VA Clinic,Yuma,AZ,"4,484","29,730"
18,678GC,Casa Grande VA Clinic,Casa Grande,AZ,"3,774","27,523"
18,678GD,Safford,Safford,AZ,"1,014","3,950"
18,678GE,Green Valley VA Clinic,Green Valley,AZ,"1,995","9,969"
18,678GF,Northwest Tucson VA Clinic,Tucson,AZ,"6,240","34,250"
18,678GG,Southeast Tucson VA Clinic,Tucson,AZ,"4,632","28,234"
18,756GA,Las Cruces VA Clinic,Las Cruces,NM,"3,633","19,977"
18,756GB,El Paso Eastside VA Clinic,El Paso,TX,"4,389","18,292"
19,436GA,Anaconda VA Clinic,Anaconda,MT,"1,217","6,698"
19,436GB,Great Falls VA Clinic,Great Falls,MT,"4,340","23,536"
19,436GC,Missoula VA Clinic,Missoula,MT,"6,617","44,042"
19,436GD,Bozeman VA Clinic,Bozeman,MT,"3,228","11,848"
19,436GF,Kalispell VA Clinic,Kalispell,MT,"4,990","35,312"
19,436GH,Billings VA Clinic,Billings,MT,"12,632","93,790"
19,436GI,Glasgow VA Clinic,Glasgow,MT,451,"2,499"
19,436GJ,Miles City VA Clinic,Miles City,MT,"1,744","10,426"
19,436GK,Glendive VA Clinic,Glendive,MT,816,"3,101"
19,436GL,Cut Bank VA Clinic,Cut Bank,MT,543,"2,502"
19,436GM,Lewistown VA Clinic,Lewistown,MT,634,"3,542"
19,436HC,Havre VA Clinic,Havre,MT,582,"2,569"
19,442GB,Sidney VA Clinic,Sidney,NE,532,"5,059"
19,442GC,Fort Collins VA Clinic,Fort Collins,CO,"6,933","37,319"
19,442GD,Greeley VA Clinic,Greeley,CO,"4,794","37,925"
19,554GB,Aurora VA Clinic,Aurora,CO,"8,037","31,712"
19,554GC,Golden VA Clinic,Golden,CO,"12,128","34,287"
19,554GD,Pueblo VA Clinic,Pueblo,CO,"9,308","86,160"
19,554GE,Colorado Springs VA Clinic,Colorado Springs,CO,"22,037","166,066"
19,554GF,Alamosa VA Clinic,Alamosa,CO,"2,304","9,034"
19,554GG,La Junta VA Clinic,La Junta,CO,903,"4,892"
19,554GH,Lamar VA Clinic,Lamar,CO,352,"1,122"
19,554GI,Burlington VA Clinic,Burlington,CO,624,"2,219"
19,575GA,Montrose VA Clinic,Montrose,CO,"1,783","7,141"
19,575GB,Craig VA Clinic,Craig,CO,465,"1,343"
19,660GA,Pocatello VA Clinic,Pocatello,ID,"5,228","32,243"
19,660GB,Ogden VA Clinic,South Ogden,UT,"5,341","30,441"
19,660GC,Ely VA Clinic,Ely,NV,244,"1,126"
19,660GD,Roosevelt VA Clinic,Roosevelt,UT,741,"3,682"
19,660GE,Orem VA Clinic,Orem,UT,"3,250","20,180"
19,660GG,St. George VA Clinic,St. George,UT,"3,136","17,925"
19,660GI,Nephi,Nephi,UT,,
19,660GJ,Western Salt Lake VA Clinic,West Valley City,UT,"7,029","33,300"
19,666GB,Casper VA Clinic,Casper,WY,"2,467","11,269"
19,666GC,Riverton VA Clinic,Riverton,WY,"2,340","10,120"
19,666GD,Powell VA Clinic,Powell,WY,"1,401","4,827"
19,666GE,Gillette VA Clinic,Gillette,WY,"1,104","5,714"
19,666GF,Rock Springs VA Clinic,Rock Springs,WY,"1,491","7,228"
20,463GA,Fairbanks VA Clinic,Fort Wainwright,AK,"2,335","18,047"
20,463GB,Kenai VA Clinic,Kenai,AK,"1,745","13,077"
20,463GC,Mat-Su VA Clinic,Wasilla,AK,"1,663","8,407"
20,531GE,Twin Falls VA Clinic,Twin Falls,ID,"3,267","14,089"
20,531GG,Caldwell VA Clinic,Caldwell,ID,"4,298","20,425"
20,648A4,Portland VA-Vancouver,Vancouver,WA,"22,062","184,575"
20,648GA,Bend VA Clinic,Bend,OR,"7,661","41,620"
20,648GB,Salem VA Clinic,Salem,OR,"10,061","34,928"
20,648GD,North Coast VA Clinic,Warrenton,OR,"1,496","6,244"
20,648GE,East Portland VA Clinic,Portland,OR,"10,233","36,251"
20,648GF,Hillsboro VA Clinic,Hillsboro,OR,"18,017","55,703"
20,648GG,West Linn VA Clinic,West Linn,OR,"8,002","24,160"
20,653BY,Eugene VA Clinic,Eugene,OR,"10,604","69,853"
20,653GA,North Bend VA Clinic,North Bend,OR,"2,895","14,028"
20,653GB,Brookings VA Clinic,Brookings,OR,"1,468","5,558"
20,663GA,Bellevue VA Clinic,Bellevue,WA,"10,329","30,516"
20,663GB,Bremerton VA Clinic,Bremerton,WA,"3,938","14,685"
20,663GC,Mount Vernon VA Clinic,Mount Vernon,WA,"8,373","41,567"
20,663GD,South Sound VA Clinic,Chehalis,WA,"3,690","16,372"
20,668GA,Wenatchee VA Clinic,Wenatchee,WA,"3,631","11,302"
20,668GB,North Idaho,Coeur d'Alene,ID,"4,558","26,055"
20,687GA,Richland VA Clinic,Richland,WA,"4,508","29,288"
20,687GB,Lewiston VA Clinic,Lewiston,ID,"3,339","26,828"
20,687GC,La Grande VA Clinic,La Grande,OR,"1,693","14,070"
20,687HA,Yakima VA Clinic,Yakima,WA,"3,825","31,999"
20,692,Southern Oregon VA-White City,White City,OR,"16,999","299,125"
20,692GA,Klamath Falls VA Clinic,Klamath Falls,OR,"2,688","17,735"
20,692GB,Grants Pass VA Clinic,Grants Pass,OR,"2,131","7,933"
21,459GA,Maui VA Clinic,Kahului,HI,"2,105","14,380"
21,459GB,Hilo VA Clinic,Hilo,HI,"2,588","19,620"
21,459GC,Kailua-Kona VA Clinic,Kailua-Kona,HI,"1,572","11,087"
21,459GD,Lihue VA Clinic,Lihue,HI,"1,488","12,338"
21,459GE,Guam VA Clinic,Agana Heights,GU,"2,607","16,898"
21,459GF,American Samoa VA Clinic,Pago Pago,AS,897,"7,972"
21,459GG,Leeward Oahu VA Clinic,Ewa Beach,HI,"3,192","12,985"
21,570GA,Merced VA Clinic,Merced,CA,"2,674","15,852"
21,570GB,Tulare VA Clinic,Tulare,CA,"5,058","24,496"
21,570GC,Oakhurst VA Clinic,Oakhurst,CA,"1,261","8,221"
21,612B4,Redding VA Clinic,Redding,CA,"15,385","146,908"
21,612BY,Oakland VA Clinic,Oakland,CA,"7,879","117,379"
21,612GD,Fairfield VA Clinic,Travis AFB,CA,"5,764","31,918"
21,612GE,Mare Island VA Clinic,Mare Island,CA,"6,758","22,718"
21,612GF,Martinez VA Clinic,Martinez,CA,"48,570","288,620"
21,612GG,Chico VA Clinic,Chico,CA,"7,358","55,619"
21,612GH,McClellan VA Clinic,McClellan Park,CA,"22,047","137,748"
21,612GI,Yuba City VA Clinic,Yuba City,CA,"2,777","16,012"
21,640BY,San Jose VA Clinic,San Jose,CA,"11,850","85,583"
21,640GA,Capitola VA Clinic,Capitola,CA,"1,551","4,827"
21,640GB,Sonora VA Clinic,Sonora,CA,"3,319","15,262"
21,640GC,Fremont VA Clinic,Fremont,CA,"3,621","14,425"
21,640HA,Stockton VA Clinic,French Camp,CA,"7,695","39,801"
21,640HB,Modesto VA Clinic,Modesto,CA,"8,697","42,093"
21,640HC,Monterey VA Clinic,Seaside,CA,"9,918","72,576"
21,654GA,Sierra Foothills VA Clinic,Auburn,CA,"3,783","24,116"
21,654GB,Carson Valley VA Clinic,Gardnerville,NV,"2,710","11,422"
21,654GC,Lahontan Valley VA Clinic,Fallon,NV,"2,309","15,726"
21,654GD,Diamond View VA Clinic,Susanville,CA,"1,057","6,533"
21,662GA,Santa Rosa VA Clinic,Santa Rosa,CA,"8,442","65,121"
21,662GC,Eureka VA Clinic,Eureka,CA,"4,654","39,555"
21,662GD,Ukiah VA Clinic,Ukiah,CA,"2,996","26,245"
21,662GE,San Bruno VA Clinic,San Bruno,CA,"1,977","14,153"
21,662GF,San Francisco VA Clinic,San Francisco,CA,"2,830","52,252"
21,662GG,Clearlake VA Clinic,Clearlake,CA,"1,970","18,106"
22,593GC,Pahrump VA Clinic,Pahrump,NV,"2,369","15,830"
22,593GD,Northwest Las Vegas VA Clinic,Las Vegas,NV,"13,836","78,566"
22,593GE,Southeast Las Vegas VA Clinic,Henderson,NV,"10,554","59,966"
22,593GF,Southwest Las Vegas VA Clinic,Las Vegas,NV,"11,351","69,759"
22,593GG,Northeast Las Vegas VA Clinic,Las Vegas,NV,"9,446","49,546"
22,600GA,Anaheim VA Clinic,Anaheim,CA,"3,624","17,900"
22,600GB,Santa Ana VA Clinic,Santa Ana,CA,"6,319","24,992"
22,600GC,Cabrillo VA Clinic,Long Beach,CA,"1,254","7,225"
22,600GD,Santa Fe Springs VA Clinic,Santa Fe Springs,CA,"2,770","8,817"
22,600GE,Laguna Hills VA Clinic,Laguna Hills,CA,"4,638","12,714"
22,605GA,Victorville VA Clinic,Victorville,CA,"5,081","21,380"
22,605GB,Murrieta VA Clinic,Murrieta,CA,"8,078","25,379"
22,605GC,Palm Desert VA Clinic,Palm Desert,CA,"8,517","23,759"
22,605GD,Corona VA Clinic,Corona,CA,"3,894","12,481"
22,605GE,Rancho Cucamonga VA Clinic,Rancho Cucamonga,CA,"5,170","17,303"
22,664BY,Mission Valley VA Clinic,San Diego,CA,"37,605","183,693"
22,664GA,Imperial Valley VA Clinic,El Centro,CA,"1,542","5,846"
22,664GB,Oceanside VA Clinic,Oceanside,CA,"18,725","105,227"
22,664GC,Chula Vista VA Clinic,Chula Vista,CA,"8,878","31,943"
22,664GD,Escondido VA Clinic,Escondido,CA,"5,218","19,715"
22,691A4,Sepulveda VA Clinic,Sepulveda,CA,"34,458","365,604"
22,691GB,Santa Barbara VA Clinic,Santa Barbara,CA,"2,595","19,286"
22,691GC,Gardena VA Clinic,Gardena,CA,"2,909","7,929"
22,691GD,Bakersfield VA Clinic,Bakersfield,CA,"6,871","82,512"
22,691GE,Los Angeles VA Clinic,Los Angeles,CA,"14,859","195,647"
22,691GF,East Los Angeles VA Clinic,Commerce,CA,"1,971","12,483"
22,691GG,Antelope Valley VA Clinic,Lancaster,CA,"4,401","11,709"
22,691GK,San Luis Obispo VA Clinic,San Luis Obispo,CA,"3,711","18,822"
22,691GL,Santa Maria VA Clinic,Santa Maria,CA,"6,244","39,284"
22,691GM,Oxnard VA Clinic,Oxnard,CA,"6,067","23,462"
22,691GN,South Central Los Angeles VA Clinic,Lynwood,CA,,
22,691GO,Pasadena VA Clinic,San Gabriel,CA,,
23,437GA,Grafton VA Clinic,Grafton,ND,878,"2,739"
23,437GB,Bismarck VA Clinic,Bismarck,ND,"3,939","18,523"
23,437GC,Fergus Falls VA Clinic,Fergus Falls,MN,"1,633","7,782"
23,437GD,Minot VA Clinic,Minot,ND,"2,632","12,687"
23,437GE,Bemidji VA Clinic,Bemidji,MN,"2,945","15,170"
23,437GF,Williston VA Clinic,Williston,ND,"1,150","4,454"
23,437GI,Grand Forks VA Clinic,Grand Forks,ND,"3,163","11,263"
23,438GA,Spirit Lake VA Clinic,Spirit Lake,IA,"2,608","15,333"
23,438GC,Sioux City VA Clinic,Sioux City,IA,"4,396","27,242"
23,438GD,Aberdeen VA Clinic,Aberdeen,SD,"2,221","15,890"
23,438GE,Wagner VA Clinic,Wagner,SD,648,"3,804"
23,438GF,Watertown VA Clinic,Watertown,SD,"2,111","13,703"
23,568GA,Rapid City VA Clinic,Rapid City,SD,"6,462","33,865"
23,568GB,Pierre VA Clinic,Pierre,SD,"1,389","6,493"
23,568HA,Newcastle VA Clinic,Newcastle,WY,84,193
23,568HB,Gordon VA Clinic,Gordon,NE,179,422
23,568HE,Kyle VA Clinic,Kyle,SD,,
23,568HF,Pine Ridge VA Clinic,Pine Ridge,SD,140,874
23,568HH,Scottsbluff VA Clinic,Scottsbluff,NE,"1,389","6,011"
23,568HJ,Mission VA Clinic,Mission,SD,162,325
23,568HK,McLaughlin VA Clinic,McLaughlin,SD,57,444
23,568HM,Eagle Butte VA Clinic,Eagle Butte,SD,258,"1,829"
23,568HP,Winner VA Clinic,Winner,SD,519,"2,351"
23,618BY,Twin Ports VA Clinic,Superior,WI,"7,435","61,215"
23,618GA,South Central VA Clinic,St. James,MN,"3,747","15,419"
23,618GB,Hibbing VA Clinic,Hibbing,MN,"3,552","16,391"
23,618GD,Maplewood VA Clinic,Maplewood,MN,"5,198","17,815"
23,618GE,Chippewa Valley VA Clinic,Chippewa Falls,WI,"4,267","16,810"
23,618GG,Rochester VA Clinic,Rochester,MN,"4,318","15,435"
23,618GH,Hayward VA Clinic,Hayward,WI,"3,361","15,586"
23,618GI,Northwest Metro VA Clinic,Ramsey,MN,"7,753","38,886"
23,618GJ,Shakopee VA Clinic,Shakopee,MN,"1,110","2,361"
23,618GK,Albert Lea VA Clinic,Albert Lea,MN,"1,146","2,984"
23,636A4,Grand Island VA Clinic,Grand Island,NE,"12,902","150,520"
23,636A5,Lincoln VA Clinic,Lincoln,NE,"15,123","158,105"
23,636GA,Norfolk VA Clinic,Norfolk,NE,"2,717","12,735"
23,636GB,North Platte VA Clinic,North Platte,NE,"2,499","11,719"
23,636GC,Mason City VA Clinic,Mason City,IA,"4,190","26,140"
23,636GD,Marshalltown VA Clinic,Marshalltown,IA,"1,703","9,639"
23,636GF,Bettendorf VA Clinic,Bettendorf,IA,"9,132","52,261"
23,636GG,Quincy VA Clinic,Quincy,IL,"2,930","10,366"
23,636GH,Waterloo VA Clinic,Waterloo,IA,"4,966","23,208"
23,636GI,Galesburg VA Clinic,Galesburg,IL,"3,968","24,846"
23,636GJ,Dubuque VA Clinic,Dubuque,IA,"3,958","15,967"
23,636GK,Fort Dodge VA Clinic,Fort Dodge,IA,"4,220","14,771"
23,636GL,Bellevue VA Clinic,Bellevue,NE,"2,220","7,893"
23,636GM,Carroll VA Clinic,Carroll,IA,"1,436","6,968"
23,636GN,Cedar Rapids VA Clinic,Cedar Rapids,IA,"5,179","27,320"
23,636GP,Shenandoah VA Clinic,Shenandoah,IA,"1,497","8,215"
23,636GQ,Holdrege VA Clinic,Holdrege,NE,"1,794","8,444"
23,636GR,Knoxville VA Clinic,Knoxville,IA,"2,722","20,882"
23,636GS,Ottumwa VA Clinic,Ottumwa,IA,"2,133","12,200"
23,636GT,Sterling VA Clinic,Sterling,IL,"2,221","12,550"
23,636GU,Decorah VA Clinic,Decorah,IA,"1,598","7,727"
23,656GA,Brainerd VA Clinic,Brainerd,MN,"6,156","39,314"
23,656GB,Montevideo VA Clinic,Montevideo,MN,"3,259","16,724"
23,656GC,Max J. Beilke VA Clinic,Alexandria,MN,"2,614","18,185"
,,,,,,
*,Estimated Size Designation for full year of uniques,,,,,
**,Former VA Outreach Clinic that was reclassified as Community Based Outpatient Clinics in FY14 Quarter 3.,,,,,
